BizMsgIdr,Sndr,Rcvr,CreDt
1Ke4JmBaZrgERrFiUGwBNxS9CR7osLBf1g,RBIP0NEFTSC,CBNK0000001,2024-03-21T19:13:04Z
19K8gzrzNLm6w6eohmJ2xyKnNyFDiPDWQz,RBIP0NEFTSC,DBNK0000001,2024-09-28T22:35:04Z
1FvkQzPSFmdFGygNbHaGFutobJs3HUwU57,RBIP0NEFTSC,ABNK0000001,2024-10-15T09:13:03Z
17afBV3dM3roE8jrfQbKv3R3DeoyRfN6pg,RBIP0NEFTSC,BBNK0000001,2024-07-21T00:26:18Z
18upoep9rDrpaX7EGQLXcrqMKr88PyPPia,RBIP0NEFTSC,ABNK0000001,2024-11-13T17:52:02Z
1MQXT42KKrJwVRWXFuBSUV7q4DXYrzRMPK,RBIP0NEFTSC,ABNK0000001,2024-08-16T22:07:23Z
1NovrPjqDqCsk7rYGXogxJVGZZYMZywp92,RBIP0NEFTSC,ABNK0000001,2024-06-19T05:11:44Z
16gpEcAaH91gKGQJkPyLmjtvaJ7sF4B64F,RBIP0NEFTSC,DBNK0000001,2024-07-05T06:45:59Z
12Sn6BDEqCwoQMy1hEHWoQiD3fbZ3sskQY,RBIP0NEFTSC,DBNK0000001,2024-06-08T07:48:29Z
1F6UhSu6JJnfbvyB63wDrkzRzSzTmCkWRg,RBIP0NEFTSC,BBNK0000001,2024-09-08T10:29:34Z
12Z7GdLSnHmUfhxHtVoJpPTFx2PmyXPs2F,RBIP0NEFTSC,CBNK0000001,2024-07-31T12:38:21Z
1NFtRQSZ6u1p72YMkqkuJE7ms8Yi4BoxqC,RBIP0NEFTSC,CBNK0000001,2024-04-21T15:04:45Z
19FrLYU231aB86mLQ6E1QS4uid4btLRk2Z,RBIP0NEFTSC,ABNK0000001,2024-10-24T21:42:12Z
15aadjKmdc2SmVPw9VKkGKsZapA3LFr8y1,RBIP0NEFTSC,DBNK0000001,2024-10-01T14:07:32Z
1M1r7VagUKzy2GLYmCZGtnVhdgEFwMWRYx,RBIP0NEFTSC,ABNK0000001,2024-04-18T03:00:40Z
1MjP3FcdztRvPCinr93obLPx2pP1WMwAht,RBIP0NEFTSC,ABNK0000001,2024-10-24T06:57:04Z
1PwiaxdYsqdEQJaPG2zUp78wP34bMHRjPT,RBIP0NEFTSC,ABNK0000001,2025-01-16T21:33:39Z
1Aqzp86hTmMVUhjt3cgv3z8W13Fd7mejeP,RBIP0NEFTSC,DBNK0000001,2025-02-07T15:22:08Z
14hDwkUAnA9DCLUpDLhLdJTGcK7R7Vj99L,RBIP0NEFTSC,BBNK0000001,2024-11-10T00:19:30Z
1Fgko2x8XfKoQDF79Bb8CS1Df9yFpi4yvq,RBIP0NEFTSC,ABNK0000001,2025-02-20T12:39:57Z
13CYckBtqTLCTGAGxwGJKoQbHoHMynmSur,RBIP0NEFTSC,BBNK0000001,2024-08-20T01:43:55Z
1N6jsH2DQ1M4uJPV6D7med23yreSL9DJLQ,RBIP0NEFTSC,BBNK0000001,2024-06-29T02:27:39Z
12oV9MVQh634qQRgM9gufQUprgDvVbJgvP,RBIP0NEFTSC,ABNK0000001,2024-05-23T23:07:53Z
1HJaoXLhQubo5C9NiM1x8yc58xdkaSCi5u,RBIP0NEFTSC,CBNK0000001,2024-06-12T09:04:32Z
17BKmLb2HcsaG1vCjxxdDu1VyhYExLsUyW,RBIP0NEFTSC,CBNK0000001,2024-03-27T07:04:08Z
17hQEkPmoYJCKBJTXRB6oqDA93qvfJjEc,RBIP0NEFTSC,ABNK0000001,2024-05-23T21:56:40Z
18gsGS9DH2zu3WPNG3jV57PEBNPRQy2Va2,RBIP0NEFTSC,BBNK0000001,2024-10-07T08:18:19Z
125mnKuu1EypeaY4FGJH9WKarSeZdFpwNZ,RBIP0NEFTSC,BBNK0000001,2024-10-14T20:15:54Z
1L5f1Ez7bDpVa4meMCRGDtMp37wvyoH3pa,RBIP0NEFTSC,CBNK0000001,2024-04-18T15:01:31Z
1NjVNnQH4cZTTL8GCJyNFN9C7jJv5VBiAn,RBIP0NEFTSC,BBNK0000001,2024-07-14T16:12:32Z
19QiooU3egrHic62WVLgjbHRTV7jDENcQE,RBIP0NEFTSC,CBNK0000001,2025-02-13T20:14:52Z
1Cx3GD6VC4JBK1cNzZJbXFeZz8u9vHoMLe,RBIP0NEFTSC,CBNK0000001,2024-09-26T03:34:53Z
1Dy6TJCd25fQBnaYPeNvDvvTA4q766yi96,RBIP0NEFTSC,BBNK0000001,2025-02-23T22:26:07Z
1HvuXtam9J6u9NvKaRpJ6gq6VME24tQpuW,RBIP0NEFTSC,DBNK0000001,2025-02-19T14:23:15Z
1CB7Cn5Kwczqxm4BUVvRBaMkvc8uXdM1HK,RBIP0NEFTSC,BBNK0000001,2024-07-18T19:51:22Z
1CEPkxbLN5i6twdtvRq7aiyqLcpKifnaHX,RBIP0NEFTSC,BBNK0000001,2024-07-08T10:50:01Z
13Td7UpQ1seBid5s1hgTdsmPRzkwVnyoGA,RBIP0NEFTSC,BBNK0000001,2025-01-22T11:25:05Z
17EFtcz1izFcUXahTXg2gLkBPBUKMec5V5,RBIP0NEFTSC,BBNK0000001,2024-06-05T22:29:56Z
1GuZHD3APGXktmisBCBudFSfzYFwgbcd7i,RBIP0NEFTSC,CBNK0000001,2024-12-02T21:14:34Z
143cTJQ2sCrbo1CAR74DLVJoTptnD8kDT3,RBIP0NEFTSC,DBNK0000001,2024-03-31T00:46:37Z
148C8yrSdgeA5Abq7vZUo8eBRoCjoF8HSk,RBIP0NEFTSC,CBNK0000001,2024-07-09T13:18:01Z
1JEJd4EwnLB5GfXDfcxLWivKiADxYN4GEH,RBIP0NEFTSC,DBNK0000001,2024-08-11T17:16:19Z
18YwRdSy3kQA3aY8qDyRB5kPqSJShmcukZ,RBIP0NEFTSC,DBNK0000001,2025-02-20T04:08:47Z
1BoMx9jR4zPnZ5K3JgjTUs6DdQisij7o5t,RBIP0NEFTSC,BBNK0000001,2024-05-16T04:21:47Z
1DwEHANsthNcE8vcDkibHwA5VBXoiL33d5,RBIP0NEFTSC,CBNK0000001,2024-12-10T03:17:14Z
1GF2Au5nB2Dyqzphre7JxLadGsRiRDbS7c,RBIP0NEFTSC,DBNK0000001,2024-08-10T18:27:46Z
1JpKqA5GxtqjMdwLzC4fGCVebrKDLjujA8,RBIP0NEFTSC,ABNK0000001,2024-12-03T01:49:47Z
134Z5EwKryFqZSjf6vBnhw2qo9QT4fXdPn,RBIP0NEFTSC,CBNK0000001,2024-04-17T00:56:34Z
1p2txk1Y4AHVGQEEq88j1TSPAeAcJ2Lwh,RBIP0NEFTSC,CBNK0000001,2024-03-17T02:58:22Z
1tBssuaFdD1oPfKfgsea3aACMBUBGEu4S,RBIP0NEFTSC,ABNK0000001,2024-09-15T01:44:58Z
1GiGqPijozKMfLwBaCiMhontcaX9siWwcC,RBIP0NEFTSC,BBNK0000001,2024-10-18T15:08:06Z
1EcX6y22MDfedFm44gTaq563xL4pCYnV8F,RBIP0NEFTSC,DBNK0000001,2025-03-13T08:02:43Z
1Ly5zrKht111pYTKuEPNVWx5CNDWnnuNFz,RBIP0NEFTSC,DBNK0000001,2024-05-14T07:27:19Z
17HWoaHReZgF6PGRvXrVJL77MgGTxvmqBB,RBIP0NEFTSC,CBNK0000001,2024-07-13T02:38:33Z
13NRZyH8cf6BWwMChuzWXMXZ1zvYkabuup,RBIP0NEFTSC,DBNK0000001,2025-01-01T02:01:18Z
15XSFUdspN22v4QWvEJteU5Qk1SPVWwPip,RBIP0NEFTSC,CBNK0000001,2024-09-05T15:45:58Z
1Q27kHsKs1WqH5BqsuKD9qwZb9cDs1iBHy,RBIP0NEFTSC,DBNK0000001,2024-08-20T05:38:58Z
1Bxkk1iXw4omxfNih3UJrYqWgnR1azBKds,RBIP0NEFTSC,BBNK0000001,2024-05-13T13:28:52Z
18XbbtrD6ePN2AyEAnk4WyqNeSxGSz1p9a,RBIP0NEFTSC,ABNK0000001,2025-01-31T10:57:08Z
1PYRZw2eJRbeJXhwaR6QRid4oXB42kiFiS,RBIP0NEFTSC,CBNK0000001,2024-10-05T01:14:55Z
1Dd2mFsoLBY8jBzwhbUXkjZjX17f39or1W,RBIP0NEFTSC,BBNK0000001,2024-08-09T10:09:02Z
1B3TB7rQCTWQmhq9aqjkJTEVTHKtQNh3VK,RBIP0NEFTSC,BBNK0000001,2025-03-02T20:40:26Z
19E5fAP9m1FttuYoSAU2y4KKTtib7xkaTM,RBIP0NEFTSC,DBNK0000001,2024-06-17T19:45:57Z
1NEJVrvGXRGQFTX5RV1HPP3GHB947jeC6g,RBIP0NEFTSC,DBNK0000001,2024-10-22T12:33:19Z
16aaFqN1WwYG6UHxVeWw8GrGJYtuFSMbzA,RBIP0NEFTSC,CBNK0000001,2024-06-12T19:18:04Z
1A8R6BGzgpUS8ACZnQtb72BuprGYQ7pWyc,RBIP0NEFTSC,ABNK0000001,2024-06-14T18:45:11Z
19PUiVHEsMWvQCfTEFkMYrJudTgRCh9coe,RBIP0NEFTSC,BBNK0000001,2024-08-17T01:54:01Z
1BmtNeyoQBQx1YoUnNv3fWAUMLzphbEvBr,RBIP0NEFTSC,DBNK0000001,2024-08-17T13:46:52Z
1TvHJELXKSbZq3ZP3EsWJQKX7JCdeFmcs,RBIP0NEFTSC,CBNK0000001,2024-12-23T18:46:19Z
1LmfQq2mgLnMZwmcgcumDYrWYETFfpQMEj,RBIP0NEFTSC,CBNK0000001,2024-08-24T05:22:52Z
1F9BA9QG3jVcWXoYQqi3NcdGzjtBt4MDzn,RBIP0NEFTSC,DBNK0000001,2024-06-25T22:42:56Z
1PnVW4miNUcRun2jmkZoDcHec7NM4eXdNt,RBIP0NEFTSC,CBNK0000001,2025-02-25T09:24:25Z
1HdiDZHHhmXqeYDVV88upTo8yHs3uxwzEA,RBIP0NEFTSC,ABNK0000001,2025-02-23T15:16:24Z
1KRZF6tcRwU2nNkki5WfcCpuPd5Aa7bGGK,RBIP0NEFTSC,BBNK0000001,2024-11-14T08:30:38Z
1PeYrw5zkzyXG9RVRYZntfoRDoXH6pajHU,RBIP0NEFTSC,BBNK0000001,2024-05-12T01:36:32Z
12K2GDV8w3Qq7srFG2MyqKtnLCYVHKd58v,RBIP0NEFTSC,BBNK0000001,2024-08-26T03:50:27Z
1EPhRWWbsr51wMsEHdYEBUGL1NJkwCHvVr,RBIP0NEFTSC,ABNK0000001,2024-06-25T04:03:48Z
12wwRqKHqsbiEuAndsnbULy7T43urzwhvK,RBIP0NEFTSC,BBNK0000001,2025-02-26T03:39:08Z
1Jvmxsm2P93Qur8AUCuMM3xqxvVgqnQjN,RBIP0NEFTSC,DBNK0000001,2024-03-18T09:54:20Z
1NvAw5wcegeR4AbJdU1TyaxmdXePYQMiFR,RBIP0NEFTSC,ABNK0000001,2024-04-03T16:58:38Z
1G4qRfUK89GXA2jhdiE6fMpj64bdDkbivc,RBIP0NEFTSC,BBNK0000001,2025-01-10T20:33:40Z
17zochtYXEZCRZzysDhvpWfCN1JABixnSf,RBIP0NEFTSC,DBNK0000001,2024-12-24T14:55:31Z
14oGCHWDRQDYg96FZKZ7M9EP8CE2STKHjK,RBIP0NEFTSC,DBNK0000001,2025-02-15T21:11:06Z
1LJvVmSnmYYJzAMXncnWFopDx1F9nK7CFR,RBIP0NEFTSC,BBNK0000001,2024-04-06T15:23:22Z
15uhyTtD3zF6NK6uEo87RiKTcX2nYZmUbA,RBIP0NEFTSC,CBNK0000001,2024-08-10T00:11:06Z
1H2Ka1PHBGu1EXgu3y7EFHZTXixrgK8phQ,RBIP0NEFTSC,BBNK0000001,2024-07-05T16:18:03Z
18B1eCe6XXnUEUEG1Z4CD4FZfHm6qnh5kq,RBIP0NEFTSC,CBNK0000001,2024-10-17T04:29:41Z
1F3odvfHTWhKSL14yQn1XviJbxCj3VqAA7,RBIP0NEFTSC,BBNK0000001,2024-09-20T22:26:06Z
1FzaRNfS2gJSWEwRwk2WiWLdmCGpcLvGfp,RBIP0NEFTSC,ABNK0000001,2024-12-01T18:33:45Z
18jTx7M8zrXxPoqxXhXgijWW8UGK8DUPYw,RBIP0NEFTSC,CBNK0000001,2024-08-02T06:28:54Z
1Q9Hj3G8iiS1MgoWYp8juhK4Rm5UWY3B4L,RBIP0NEFTSC,DBNK0000001,2024-06-25T05:24:20Z
1EfAXgkmHBcAyAdHKKJ3SN96y5gZLmN8TQ,RBIP0NEFTSC,DBNK0000001,2025-02-27T13:14:55Z
1FraFJS7tHFkPpNaUKSrt3WCbBAbE5gej3,RBIP0NEFTSC,DBNK0000001,2024-04-23T18:31:30Z
12smyc2fwL7zAogPnzXvpHn26rQNR62TAX,RBIP0NEFTSC,ABNK0000001,2024-11-19T01:28:11Z
1JfXWUFMZaJcwK54dv1bEp3aJAWSdrzSvX,RBIP0NEFTSC,CBNK0000001,2024-08-19T17:07:50Z
1Hd3BAZjWRX2WhPo36P6bc5k4jZFjbDTUN,RBIP0NEFTSC,ABNK0000001,2024-03-23T23:12:16Z
18PAoGNcnp6pNeK5CLteP5Bpco2oFKAjeP,RBIP0NEFTSC,DBNK0000001,2024-11-03T08:59:00Z
15tcYpxQ3BqhGtQ63z32vpz1yLwBQpoxSE,RBIP0NEFTSC,BBNK0000001,2024-10-02T14:19:18Z
17bGeV1p6abrFhSvR9ysMviMqQ9KsqM3iM,RBIP0NEFTSC,ABNK0000001,2024-09-24T10:51:24Z
14seDCJ4EVEuWmjNMvsfkP4idgbi6UNpiT,RBIP0NEFTSC,DBNK0000001,2024-10-11T21:35:35Z
198oTTcyk38AsTa5J3Pj2qztaZmTtV7UK,RBIP0NEFTSC,BBNK0000001,2024-12-18T07:43:22Z
19DbR1JV8sd1khv4sHV7PTiPaTPpsr1zZu,RBIP0NEFTSC,DBNK0000001,2025-01-14T03:45:43Z
1AmH3t9kYfS4s8oVzY1MtZfw9VMoQXGHJc,RBIP0NEFTSC,CBNK0000001,2024-06-17T18:41:47Z
1JA6NUARJBFiHubvHAuAyShsQH8ReXk4mS,RBIP0NEFTSC,BBNK0000001,2024-06-20T22:51:43Z
1PzocTHcEQMgafvcainD8KawTDEUHoDuyE,RBIP0NEFTSC,CBNK0000001,2024-09-09T00:31:26Z
13ibA5vn8v49Htumphj6fn8AmSbTr83nG8,RBIP0NEFTSC,CBNK0000001,2024-05-02T14:19:35Z
1DrxDbjciBVJh3Qtr2AsK6ppytN1QkjdAS,RBIP0NEFTSC,CBNK0000001,2024-12-06T14:53:36Z
1Msjv886qz3s8VtvHzwffTqp2xnchodCNs,RBIP0NEFTSC,BBNK0000001,2024-06-10T15:05:56Z
1BuSkXTQ6ezoGyf54Q1LRPGtQB3pUVAQH8,RBIP0NEFTSC,CBNK0000001,2024-03-19T01:52:01Z
19RHfVVki7cm6vKVMqjHKi56M5PfMZ3orR,RBIP0NEFTSC,CBNK0000001,2024-11-01T11:19:33Z
1HX27rB3FDRPiayPyNt48F59mVnCBYYKwb,RBIP0NEFTSC,DBNK0000001,2024-09-24T05:38:29Z
188ZzYwiMffCeF7p9oAxu9DH9reANGxMso,RBIP0NEFTSC,BBNK0000001,2024-09-13T08:56:05Z
1GT2aefmZUu51ZwNeKdUHcP3HcXw5uafgz,RBIP0NEFTSC,DBNK0000001,2025-03-09T01:25:06Z
151hofpXSphUuKS38mc2ngf5TGr1cBTg82,RBIP0NEFTSC,BBNK0000001,2024-06-19T02:37:22Z
1EAmsp7rZfFss9iTL1mUCiLSq7poMebiQm,RBIP0NEFTSC,DBNK0000001,2024-05-04T06:46:31Z
1N2D8S3DasSbmVRHa6MY4LyvpemjUEKHVn,RBIP0NEFTSC,DBNK0000001,2024-08-02T23:26:02Z
1JzmQqujh6iUvLBJTwQEDweCJu2wxsDe7k,RBIP0NEFTSC,DBNK0000001,2024-06-12T06:47:32Z
173DCSbaQcZDVgJstpw9qDTxwAd4mcJBas,RBIP0NEFTSC,CBNK0000001,2025-01-26T16:01:11Z
19geCUPkykTaARH6Rqn9FMYdphSwmrbDBS,RBIP0NEFTSC,CBNK0000001,2024-04-23T13:01:00Z
178VP7N64MVYYp7sSqPTQjMfyAXP7APU4N,RBIP0NEFTSC,BBNK0000001,2024-04-03T03:59:22Z
187iozhNhsiQWDJTB9LD9RZagVtkzEU58K,RBIP0NEFTSC,CBNK0000001,2024-05-19T00:25:47Z
13Aw2QogB3fb3rD7hFKFtpqxAj29UxySvi,RBIP0NEFTSC,CBNK0000001,2024-06-09T12:13:18Z
1QK2sZUh6EFKiHnCsPTAQxxZcDgCfdgdTi,RBIP0NEFTSC,CBNK0000001,2025-02-13T06:48:25Z
128QvEBwuR4W5pi4gaY2FqkwjDFUXx2XN6,RBIP0NEFTSC,DBNK0000001,2024-04-01T09:14:03Z
1KFhFUjXse78ohVjrx3YGigSapABvNSpgb,RBIP0NEFTSC,DBNK0000001,2024-09-20T00:19:55Z
1NNJ5oDoPiTTYozetPpcFhVJjwDWjcQjvz,RBIP0NEFTSC,BBNK0000001,2024-11-30T17:25:51Z
12EJtPgzsMEj4dVLfSPEvjg1Jzm5Hw7yRr,RBIP0NEFTSC,BBNK0000001,2024-07-30T08:54:09Z
1K3o5ex5CXjiz9NdGtTMN3zMFhLitM9UzE,RBIP0NEFTSC,BBNK0000001,2024-08-17T16:54:59Z
12T6LaoQM2qyZ96f9ESNt1HDHXJLadUYTr,RBIP0NEFTSC,BBNK0000001,2024-07-16T22:45:40Z
17zWsTtcF2pF6TPeJoDdL5q7x5HMzgBrbw,RBIP0NEFTSC,DBNK0000001,2024-06-15T01:38:56Z
1GRsb99ggMQ5fTPsmjqfbx3a6ANjS7RZho,RBIP0NEFTSC,DBNK0000001,2024-11-12T10:40:50Z
17kTsJDLoNajvZvQT367MNLsKRJdBzVzv1,RBIP0NEFTSC,BBNK0000001,2024-12-08T11:49:56Z
1AnhwNcBUheqyxooesCAfAwZ3hGD9WzMxT,RBIP0NEFTSC,CBNK0000001,2024-10-31T05:06:33Z
19nwr5t3fZiA6ocjgodYYKR4azFy8XAEuD,RBIP0NEFTSC,DBNK0000001,2024-12-26T03:47:25Z
1QEoYhndyL2K5hMTD6ZpCb5zwQmd3AV88n,RBIP0NEFTSC,CBNK0000001,2024-05-20T08:46:59Z
1BtCx7a8nGBaebCxLxAxVKUwbcTANaGyP1,RBIP0NEFTSC,ABNK0000001,2025-01-20T04:41:59Z
1MSWAvAB9y9Aozhdstkkr8DuUtcZnXWWLa,RBIP0NEFTSC,BBNK0000001,2025-02-05T16:09:30Z
16VJhn4MsXw6bnikapAF92jmMobhXaCwLs,RBIP0NEFTSC,BBNK0000001,2024-10-24T09:51:45Z
1A4m2VgorsTjfLny1bC4QkWLU7mxwrAnSB,RBIP0NEFTSC,CBNK0000001,2025-02-07T19:47:30Z
1JAuaQVDGwhGHrQuD8pbMWtAXfHxpJei2r,RBIP0NEFTSC,DBNK0000001,2025-03-09T12:33:59Z
1A2BfDK7sHc7PMxg85pMLRGymP6wHaM2xE,RBIP0NEFTSC,ABNK0000001,2025-01-27T21:24:04Z
13o78Mv9CP3aQwfbpzkWBWRMrgYbi4uBMT,RBIP0NEFTSC,BBNK0000001,2024-07-04T05:45:59Z
141kXQkZohdA7Q5xttyktjJx4QEjesrQYb,RBIP0NEFTSC,ABNK0000001,2024-08-12T11:55:08Z
19pzjjgdymdchbdoer2Ji886UjMJCE4hwo,RBIP0NEFTSC,BBNK0000001,2024-06-27T03:20:09Z
1HUE4Zjm33vRFLSLmYTYAwmow8eRbGn4m7,RBIP0NEFTSC,DBNK0000001,2024-06-22T10:10:30Z
17JoLCj3yMdizTpUABWNq4V92zsTAzGQn,RBIP0NEFTSC,BBNK0000001,2024-03-15T09:01:53Z
18mDgwGrXYJwu6m9BUydYtdeDey9qoZUk2,RBIP0NEFTSC,ABNK0000001,2024-04-15T08:57:27Z
18WvTNt9xNJZob4HK38i8Pk3zva14cCq4e,RBIP0NEFTSC,DBNK0000001,2024-12-20T11:27:33Z
15LZ3yuHZam4PtyiDQVWee6TtD6zCqLP8h,RBIP0NEFTSC,ABNK0000001,2024-04-25T05:20:25Z
1P9UD8LbD62rHHuRJAXCZVc6bn33spxj7K,RBIP0NEFTSC,DBNK0000001,2024-09-11T13:02:11Z
1NnfVHSvDUXvCyctgWAq9B2hjUrDRq7tLn,RBIP0NEFTSC,CBNK0000001,2025-02-23T05:23:46Z
1J8TUiF4RM5oWmUCjGCrnTnEbjjAmW7fr,RBIP0NEFTSC,CBNK0000001,2025-02-04T16:56:20Z
1GhnwREo1RmXJpnUjeevQQJcbhFjpGeo7z,RBIP0NEFTSC,DBNK0000001,2025-02-15T10:02:14Z
1Q88TjeUALuk4uJ2aXHAxhZwtqQNj6SjD4,RBIP0NEFTSC,DBNK0000001,2024-03-21T00:16:53Z
1HBH96zzhcw5yiqQVPa8mgDKneWDtFgEEb,RBIP0NEFTSC,DBNK0000001,2024-09-25T12:20:36Z
1Abofc51cu3qBSmwCNXEqFSBNjgLy8XUeD,RBIP0NEFTSC,ABNK0000001,2024-08-29T13:28:04Z
1N71Ps4mwAfuk1vaFcwzQx8PFsKJ4EpGp9,RBIP0NEFTSC,CBNK0000001,2024-10-31T10:51:16Z
1NsAEwYXFQQdWPDU4oDYrKK8GLU2SHbd18,RBIP0NEFTSC,DBNK0000001,2024-04-04T08:13:13Z
1PsdNmTEAhteJHLvJrofasni7wBsDQ42jh,RBIP0NEFTSC,ABNK0000001,2024-08-03T11:28:09Z
1G5buSYWcyzy4cPfdaducRskxKUsRHrbea,RBIP0NEFTSC,CBNK0000001,2024-06-18T10:09:07Z
12qXq74ggNwqDweU1heeZM9CFhVriR4J4i,RBIP0NEFTSC,CBNK0000001,2024-05-16T19:31:36Z
17zASjPRJpoJwrL4ZvRBbARgfREi9tpb4C,RBIP0NEFTSC,DBNK0000001,2024-09-09T11:51:19Z
1NpnoChnSAqEzKg2MQ8EARjpszGh6kRkGL,RBIP0NEFTSC,BBNK0000001,2024-11-18T08:11:42Z
1DmTbZcjWU8e5KGcH6yLGAeTGMHVz7fCJA,RBIP0NEFTSC,DBNK0000001,2024-07-15T13:38:01Z
1MC3BwBrR81V5w4J8gsUGcGSJWpTnnXK7z,RBIP0NEFTSC,BBNK0000001,2024-07-31T03:04:29Z
1JKRXw9hyCZFZ6ydVev6ckwQpxQ8dkMhjm,RBIP0NEFTSC,CBNK0000001,2024-05-09T02:11:12Z
18U4G7wCMGkkZZ1x52ZcV5b8XyKWBL4yrV,RBIP0NEFTSC,DBNK0000001,2025-01-15T13:51:03Z
1FHurrTpZZYBS9E1zKjw26UvDdZbpHpkpz,RBIP0NEFTSC,DBNK0000001,2024-05-28T08:54:31Z
1AK8ZJxTUV4cEC35QE7Kzut1DDoWQ37G2h,RBIP0NEFTSC,CBNK0000001,2024-07-10T08:33:25Z
1Q7dL9s5iqeCPzeZGN1buT8gBQeUixHiK9,RBIP0NEFTSC,BBNK0000001,2024-05-01T11:04:50Z
1D2NpgLNMWddhdMVARvXyNYYLRzvKeYuBH,RBIP0NEFTSC,ABNK0000001,2024-03-15T15:40:35Z
1KTvYsUkQpn9JsTwwZn13wHiuZfJ4sSKgA,RBIP0NEFTSC,CBNK0000001,2024-04-05T01:46:40Z
13gJ3cReCr1AQZ85tr33V5icf8kRc2nk1P,RBIP0NEFTSC,BBNK0000001,2024-09-22T05:39:49Z
1PpLJs5ShXPuE2DmdGynX9QL6PDnRLqEPg,RBIP0NEFTSC,DBNK0000001,2024-11-18T19:46:58Z
1EsgaeLUsEPVmA9wjZC6ckcqgEo61zcCGF,RBIP0NEFTSC,DBNK0000001,2024-11-27T19:53:10Z
1BSszB3srcLceYUF2Kq2eX7uQWLXi3F23b,RBIP0NEFTSC,BBNK0000001,2024-05-01T05:23:49Z
133ZLA4ea2AKDXEq2FSedSUXBsXeT8BND2,RBIP0NEFTSC,CBNK0000001,2024-10-07T15:45:49Z
1H6rR1LxyCiUZt4nnTSUNyeHsxAApYL1DH,RBIP0NEFTSC,DBNK0000001,2024-07-10T12:37:39Z
15PV3BQqLisKMkunVyncw7YpE62nQwpcxP,RBIP0NEFTSC,CBNK0000001,2024-04-18T07:12:54Z
1Nf9ZkQDUsZAouTKT3dZfZ9HUBU7bbtE4j,RBIP0NEFTSC,DBNK0000001,2024-05-03T07:49:12Z
18SSx5uqfSMoCdVcLWtPfPxFJrDUDcSfM4,RBIP0NEFTSC,CBNK0000001,2025-02-14T05:25:36Z
1MmwC3YshnzoThDCFRHCrmshfyBkqEGCd6,RBIP0NEFTSC,ABNK0000001,2024-11-26T11:56:36Z
13QvesDy2gASu5S6SGtapjeUoLgaxrqxtk,RBIP0NEFTSC,ABNK0000001,2024-05-05T15:10:48Z
1K9ZnvhcujLDwNzY4RCAheQbW9Zrpx229k,RBIP0NEFTSC,CBNK0000001,2024-04-06T08:39:48Z
1BCeMqyqkBj1EzMAraTGpRHcZR15BnYpB2,RBIP0NEFTSC,BBNK0000001,2024-06-30T17:43:45Z
1K4okHCSjScrj33JqqG3Xb2G4z7iF7wasu,RBIP0NEFTSC,DBNK0000001,2025-02-16T18:04:03Z
1GpehBJLapj22gQtbV42KSF3VdMtnX55SM,RBIP0NEFTSC,DBNK0000001,2025-01-22T19:17:46Z
1FRZ3xpuYB4KHyGKGX1ywu8zXyNCpVXaa,RBIP0NEFTSC,CBNK0000001,2024-11-24T21:50:23Z
18vMgnHM6GYiJHQYfm3Rtma6XxdLTCNavV,RBIP0NEFTSC,DBNK0000001,2024-07-19T23:43:18Z
1GtpJvQhg94YikgFWLzi1H8g42U6khcmG8,RBIP0NEFTSC,CBNK0000001,2024-05-16T03:00:17Z
1Ng16WLC3H9xbPxagNN1NvGeHAJTr3h1Mg,RBIP0NEFTSC,CBNK0000001,2024-07-19T12:50:02Z
15qUKz1yMcapyYKsjAducJHm82ojeH6ZAa,RBIP0NEFTSC,ABNK0000001,2024-06-29T01:31:40Z
1MRh9J39LTFEgeLrfPv8HUHxtwp86M7yyh,RBIP0NEFTSC,BBNK0000001,2025-02-09T16:02:08Z
13yb615YuZdWfizzU9XgHiKny2cwitN5Hv,RBIP0NEFTSC,ABNK0000001,2024-10-07T15:28:09Z
1H3e7E5g8Qhi77usaTghJNLRo6zrAX1JfU,RBIP0NEFTSC,ABNK0000001,2024-10-14T00:35:26Z
1BS8BAXqGvWoJpr1yQqdkGdG1vfMCK3Vcu,RBIP0NEFTSC,DBNK0000001,2024-12-05T17:08:44Z
127YbasVE6yo3ity5yKbsbDY4YBUPmVMdY,RBIP0NEFTSC,CBNK0000001,2024-05-26T06:16:11Z
13bDZgkCqFNsZbQNCC8C2dp1nw6bysjNEL,RBIP0NEFTSC,DBNK0000001,2025-02-01T16:07:05Z
1C92zGZkaaTct94txrob1zVXhc3v4SVmSp,RBIP0NEFTSC,ABNK0000001,2024-07-19T15:57:44Z
1JJKjdH4Aaq9BhkYc7dVYedYa8ASjGZtg2,RBIP0NEFTSC,DBNK0000001,2024-08-02T14:30:00Z
1AchQgXqXg5U5AjyVRhfvD2YdnhWZtQbqK,RBIP0NEFTSC,ABNK0000001,2024-07-27T09:00:36Z
1BPCesK3ZxMAEexN2yUpE1vNzuQSKzM85,RBIP0NEFTSC,BBNK0000001,2024-05-03T08:05:54Z
1KGcifZFQF1yJzvEeYu1qGnGhQq5Bs95wP,RBIP0NEFTSC,BBNK0000001,2025-02-26T23:35:28Z
1Mun2s5ncAurADutS7YaZah1vAVnugLMVT,RBIP0NEFTSC,CBNK0000001,2024-05-20T20:06:57Z
1JPvfgj4gdCmHbLMMiKCXaX46hYyxHB63Y,RBIP0NEFTSC,BBNK0000001,2024-12-26T08:52:58Z
19bczv9KcDHjdDFLaPkmptg6YvQ6wmQsob,RBIP0NEFTSC,DBNK0000001,2024-05-25T06:36:19Z
15YZcdvSuXQUrmQFRd2CfLpod8fLxEnQfm,RBIP0NEFTSC,ABNK0000001,2024-04-27T11:52:04Z
1FKBN22xdm7ykvV6tCMrQFBxyrzTXYndHL,RBIP0NEFTSC,CBNK0000001,2024-08-02T21:05:17Z
1Nkq2LF1RgjyihYCa9ntN9a5McaW9DvcLy,RBIP0NEFTSC,CBNK0000001,2024-12-08T02:57:14Z
1GUpMGLJAqY2L7HDZtnGZKQzkEBXZpXMj1,RBIP0NEFTSC,CBNK0000001,2024-07-05T18:57:57Z
17iMCGxm6eBEda44a9YWJKovWNgQwLoWUF,RBIP0NEFTSC,DBNK0000001,2024-10-19T07:27:49Z
1M9cbGcwS3hx4ZP3aw5m6MRvAYYpgKrL1h,RBIP0NEFTSC,BBNK0000001,2024-07-31T00:27:00Z
112LViXyfUEXYRcZ4gPKhoT5LnKZjy7TpN,RBIP0NEFTSC,DBNK0000001,2024-08-30T08:57:49Z
1JYkioydnRfJCuJ4chMCm4MDS2opCSVVKs,RBIP0NEFTSC,DBNK0000001,2024-06-03T03:34:28Z
15Q59mN7kZQ9S8nMMHJiw3ZpyBuKkjY7xQ,RBIP0NEFTSC,BBNK0000001,2024-07-07T04:12:16Z
1HMSUc3iAde1gjinkBYAoNabV2yPcnZkgq,RBIP0NEFTSC,ABNK0000001,2024-08-21T11:00:11Z
1D6A7r7rdPCmThS2JNx4FG24gtRgRJ2Lkg,RBIP0NEFTSC,DBNK0000001,2024-07-25T09:08:28Z
14NgWMkfQK9aDpwFEdweghyEv81otb1MNC,RBIP0NEFTSC,CBNK0000001,2024-05-09T05:05:22Z
19iqSfB4GBB9Nfkf1RJGaAcvV4czBZ7VKg,RBIP0NEFTSC,ABNK0000001,2024-09-29T04:18:46Z
1HqFwCGyDGA3TjwmyZS5973U2WrdiJMHkF,RBIP0NEFTSC,ABNK0000001,2025-01-31T06:11:41Z
1BaQwUgfoyiCqcdj7dHpavJLhCQ6dELJjn,RBIP0NEFTSC,ABNK0000001,2024-07-08T20:53:39Z
13SF24XBZtVzkL1cinbuDzooRuSPNxCppW,RBIP0NEFTSC,DBNK0000001,2024-06-25T05:58:44Z
12PFV8QsMKMi4K9YnJAkUgFTnGXCTEQqD3,RBIP0NEFTSC,ABNK0000001,2024-04-14T14:20:53Z
1KJKG5czRvnmMgLkKbSAPmpvtMmkkm3rVR,RBIP0NEFTSC,DBNK0000001,2025-02-01T01:39:09Z
1BEBiqAw7hPLHdHpGPu4VGtntwHM5tBDf4,RBIP0NEFTSC,ABNK0000001,2024-07-19T04:24:27Z
1EdMQEBoJvAjQwiWr8hR7PwNzRCVoRe5Fd,RBIP0NEFTSC,BBNK0000001,2024-06-13T08:22:51Z
14nmtMVfWXS9iXCDhhzmWZge7Kj93UP7wU,RBIP0NEFTSC,ABNK0000001,2024-05-04T08:35:54Z
1BQRTJdCkoeo34aXmfqQ1Lq1ads22e7NNa,RBIP0NEFTSC,BBNK0000001,2025-03-12T05:30:30Z
1MBXsgHZoSNJ1rWquiApcewTHTJDEokGt9,RBIP0NEFTSC,ABNK0000001,2024-05-15T21:13:51Z
1Fdh1dYoDZh7qBkcSwveYNnzUhuNKa2jkY,RBIP0NEFTSC,DBNK0000001,2024-11-29T17:19:18Z
16RW5kK7Hdpfzdov5XJ2DFpFb42eDUQzqL,RBIP0NEFTSC,CBNK0000001,2025-02-02T12:48:31Z
1Dd1ktkvQcMvKzbdYgFJJcXz7j3KA8XqEw,RBIP0NEFTSC,DBNK0000001,2024-06-09T18:03:10Z
1G1C8JKutj3CZ7rujfewVWACmDMcMPcmhS,RBIP0NEFTSC,BBNK0000001,2024-12-13T21:26:42Z
12x3Ef5dMPWzTsswWrPnDqYhN8gHWjb1qR,RBIP0NEFTSC,BBNK0000001,2024-12-04T07:13:08Z
19WCevQtVGxuge54EBTaHbjKwQDCBHhj7Y,RBIP0NEFTSC,CBNK0000001,2025-01-15T03:51:55Z
1NUUXgaL5bkxu5XkvrsJZSJiBtgbxS4WDJ,RBIP0NEFTSC,CBNK0000001,2025-01-29T00:47:14Z
1GbKebNscSzNbYd9ZNndqSAi2yGVy8EE9y,RBIP0NEFTSC,DBNK0000001,2024-05-18T13:25:18Z
1MmtU7WYK6Nw5PfN8kGTB5JTix7hfwRfPJ,RBIP0NEFTSC,DBNK0000001,2025-02-25T14:02:40Z
1JEhNPD46gH3RpsRbMEhtBYhVvd8BWSm9L,RBIP0NEFTSC,ABNK0000001,2024-04-06T22:36:26Z
1D8zQWU3wPVW7CiVTsDc5W5YmdXsFBHkD4,RBIP0NEFTSC,ABNK0000001,2024-09-11T00:38:28Z
1GJCiTnbtWwdpBez3aLTSwBpjENrpHnJjk,RBIP0NEFTSC,DBNK0000001,2024-12-06T01:22:55Z
1BRP4y596ZABkENsm29G8jS3xwoNDJHmNp,RBIP0NEFTSC,BBNK0000001,2025-03-12T13:28:14Z
1rLxo9JW3Mhtm8oHDF4PnvSynA44cTQMw,RBIP0NEFTSC,ABNK0000001,2024-08-14T02:06:52Z
1LaFXhVeqncdx3okkQ4Wmb9sRcBiag1ZUS,RBIP0NEFTSC,ABNK0000001,2024-05-05T06:09:25Z
1LaqBmq5Y9gaciS8cwUh1KXd3XFfE1NNYQ,RBIP0NEFTSC,ABNK0000001,2024-12-27T12:24:41Z
1L6jRiudYMkP9NHw27Jinz49apEevc8G2a,RBIP0NEFTSC,DBNK0000001,2024-04-20T16:41:41Z
18u3QWBQYmwsJUbfNortVXbqFoihvzjsJ,RBIP0NEFTSC,DBNK0000001,2024-09-04T20:56:24Z
1CKoG8dpnW7MfU2mLHg99ALPav6nGsS2ek,RBIP0NEFTSC,DBNK0000001,2024-08-15T17:34:14Z
1mCsdnrx7XaHc5WpgMVpcxu1ak64WkcDX,RBIP0NEFTSC,DBNK0000001,2024-12-22T10:24:08Z
13J5mnxJ9T5Yq5KB4wsjCrr3TemDBYSefU,RBIP0NEFTSC,CBNK0000001,2024-11-16T17:10:50Z
17sLcRY7zWaSxmMeL56xr4v5znyUTzACPk,RBIP0NEFTSC,BBNK0000001,2025-02-27T13:28:34Z
1PxwgphjnsBeWduKdQ5DrT21iSqNWbWous,RBIP0NEFTSC,CBNK0000001,2024-12-28T21:20:17Z
13v4AFhoGcc7PnnhMvPz9AaLs1kiY5ebCG,RBIP0NEFTSC,BBNK0000001,2024-07-03T01:06:33Z
1HjUEgRMC4kmTL6gNdQDj8685WstJfDPPy,RBIP0NEFTSC,ABNK0000001,2025-02-21T21:02:00Z
1MY8AiKk9steZmpAyhUvW6rG8i4FPP14jC,RBIP0NEFTSC,BBNK0000001,2024-03-18T08:15:06Z
1GDKi7PUjLUb59trmhuon9TDYxS5QBYxcv,RBIP0NEFTSC,BBNK0000001,2024-08-03T08:36:23Z
167Abjuh91FEq359P6ZdbmnMULh39iYMAf,RBIP0NEFTSC,DBNK0000001,2024-07-26T15:49:58Z
12KSswMGkfRuXzurckUAweQ678rrjnCZ64,RBIP0NEFTSC,BBNK0000001,2024-10-09T02:55:12Z
1Mh3UxNrkTvrowVS58Ln4RuwxdhLbyP7LY,RBIP0NEFTSC,ABNK0000001,2025-01-30T03:26:07Z
1MeCSLKuB4C9JbgjpsNBs4N1UF2Dwksm4,RBIP0NEFTSC,ABNK0000001,2024-08-17T03:10:24Z
19XGPcdbpy13TP1eoBt6N5DNn2yJ7nnAnK,RBIP0NEFTSC,DBNK0000001,2024-11-26T05:04:09Z
1NTKrg14SrZBv1YhmsMQGy5yV37XBfCGuz,RBIP0NEFTSC,CBNK0000001,2024-12-21T04:06:49Z
13vPVkyB65BonDvFgq22QWwCqiiYGgobfw,RBIP0NEFTSC,DBNK0000001,2024-03-21T13:08:22Z
1Cdwv2wSbJoLYoEBassKgrdHfCCNvy1DK8,RBIP0NEFTSC,CBNK0000001,2024-06-07T09:37:59Z
1KTdHRZmfUbXWJ2CXYXNoRjnQBRse1Y8et,RBIP0NEFTSC,CBNK0000001,2024-06-07T00:02:47Z
1F2A9x6tLsdQXpRFxkngwU92b3oz7HWZ2G,RBIP0NEFTSC,CBNK0000001,2024-10-07T02:08:30Z
1EyE1v9xQnXd2V1zfHLDUgg8N7DSrFxEB8,RBIP0NEFTSC,DBNK0000001,2025-01-20T17:43:16Z
1PYqXq9zHqvqfTGShF5Dj3oyW8rvpWnnsW,RBIP0NEFTSC,BBNK0000001,2024-06-22T02:44:08Z
1FMz9ZiSwy6PpaQ8wxi4Rfc8bv3BRcpjt9,RBIP0NEFTSC,ABNK0000001,2024-08-23T01:07:21Z
179V2LYFDWN86TYjC5XucpAEAUQhwgCEqk,RBIP0NEFTSC,BBNK0000001,2024-06-08T06:32:01Z
1K12eoroxQSnTePraAG1pNvJqBe7wasuKU,RBIP0NEFTSC,ABNK0000001,2025-03-04T07:59:14Z
1LGgw4k7RNUZNdhTT34bfXvG38NEndURAA,RBIP0NEFTSC,DBNK0000001,2024-12-23T09:46:52Z
1HxvFWw7JVUTW7B8Ah4QrhDYwgNiaCprHu,RBIP0NEFTSC,CBNK0000001,2024-10-17T00:37:48Z
18LR9RtLVri4g9n7xhhvaYY1nPpfv2JtGK,RBIP0NEFTSC,BBNK0000001,2024-12-23T08:51:04Z
1DejuXEvxtvT82EWzzJpNNus93vnRr3PZV,RBIP0NEFTSC,BBNK0000001,2024-08-04T16:22:16Z
19ywrV3NcMhnvddrCFq77NR7bstiF7bGQ5,RBIP0NEFTSC,CBNK0000001,2024-05-04T18:10:13Z
1PjEbpSsxavH6qW1yqx5T8kGzNZsdJkFGs,RBIP0NEFTSC,BBNK0000001,2024-07-30T07:38:33Z
13s6UXxRF8T4AeCQeNuDjPcBAf5b4YAbvc,RBIP0NEFTSC,DBNK0000001,2025-03-01T14:19:18Z
1JXEzTNwUyRZKETGnTLZ6R75FPtsLC1jVV,RBIP0NEFTSC,DBNK0000001,2024-07-16T07:02:00Z
1Nhk9Ci48USvB15WjDcATUdhTwkQhDK4am,RBIP0NEFTSC,BBNK0000001,2024-03-31T18:36:39Z
14XjkedQbQMkZ83zvFpiAwVq4jWDoPbQZw,RBIP0NEFTSC,DBNK0000001,2024-06-13T18:04:31Z
1KJ9wTayyadRDWkAbikvGSvXXVUsxMyTzr,RBIP0NEFTSC,ABNK0000001,2025-01-06T13:16:39Z
1K3AVs25eaaxADZ1rHoCdDNqHPSkCCUQcn,RBIP0NEFTSC,DBNK0000001,2025-01-05T11:48:51Z
1J2wSv9MQQJ34NMcTvVea3Fejr36iUqKXt,RBIP0NEFTSC,ABNK0000001,2024-12-31T19:30:23Z
1LDQ1fqt9c8qF56it9bYsW16RJFQCnr1TT,RBIP0NEFTSC,ABNK0000001,2025-02-14T06:39:31Z
176EoQ4otB9jsL8Ge4G1J3U1HaCj6ns72f,RBIP0NEFTSC,ABNK0000001,2024-11-04T01:37:29Z
1Pe7jdTKY7aYztTbVbQubnkBD3wJTJy3Pq,RBIP0NEFTSC,BBNK0000001,2024-03-21T21:24:37Z
1HZvawy9nrVSN5zhzhBSY4tUoAAs7gsknm,RBIP0NEFTSC,BBNK0000001,2024-03-14T16:50:32Z
1ChJ9wDMPYHGdkES7eBXmf5u8cUAMF2pfS,RBIP0NEFTSC,ABNK0000001,2025-01-31T04:58:00Z
127beqYqyx3NQEYfmYA4HhZDzt73UTjdRK,RBIP0NEFTSC,BBNK0000001,2024-03-25T12:34:38Z
1GHXM1JAtocmKasFPjBED6gFwXBrScyr8q,RBIP0NEFTSC,CBNK0000001,2024-08-19T23:47:05Z
1KGXWtLTvG3BqijD7d8V7nKYT4QYEk3JbH,RBIP0NEFTSC,BBNK0000001,2024-12-30T15:25:49Z
1FKprcnErhgajKENkVnsyGfXNdmmhmJ5tj,RBIP0NEFTSC,ABNK0000001,2024-04-06T08:42:59Z
1EEvXkvgm96wVeRxm7bbgb7dEACDnyUNM,RBIP0NEFTSC,ABNK0000001,2025-02-13T00:39:19Z
1JzjM9cEcPXxJmkuUMTJQmhej85KBcQ6UP,RBIP0NEFTSC,BBNK0000001,2024-09-08T01:29:42Z
1MFQAMSgs33cNdkpBEZ3uv752kESpNqJ9H,RBIP0NEFTSC,BBNK0000001,2024-07-24T17:16:01Z
1L6kuCBXzAPCGsfy5nYvA9KaeDQfYE7Ho6,RBIP0NEFTSC,ABNK0000001,2025-02-22T13:53:36Z
1KpeM18vswEnjHdC28zr9mgator8TV937S,RBIP0NEFTSC,ABNK0000001,2024-05-03T05:28:53Z
1MgLLVqGXYxookS2W5X2TYDVxJALL98Tji,RBIP0NEFTSC,BBNK0000001,2024-10-12T00:36:05Z
1NvRDFdKLEQRVAtNugjWzrsLNoPTg8qwrG,RBIP0NEFTSC,CBNK0000001,2024-10-30T07:20:46Z
129oni6PNheDYehdPMoNX4dq6S6AiZpVGt,RBIP0NEFTSC,CBNK0000001,2024-12-29T05:52:28Z
1Ey5gwC2FsAdrCxLvALf9AMhH14Ku2ft3N,RBIP0NEFTSC,CBNK0000001,2024-07-26T08:32:10Z
1331ewx8pCrV3rhiXJkjTSxBsMpDUZUG7d,RBIP0NEFTSC,ABNK0000001,2024-08-15T16:24:44Z
1MoNLm9QVoetRo7d7ZXUQ44ZDRP1Z1gRs5,RBIP0NEFTSC,ABNK0000001,2024-08-23T00:12:48Z
1QGHHqmRXCtB59yuXNXA3osKxFKbYxQ6z5,RBIP0NEFTSC,BBNK0000001,2024-12-02T11:52:20Z
15mQSgZgtEaUYeY6Zf1TebAHGguGNrC4UM,RBIP0NEFTSC,DBNK0000001,2024-03-19T22:19:27Z
1J162oDdxx9G8KVHeTJqFUn9mks2KhSCx5,RBIP0NEFTSC,ABNK0000001,2025-01-21T02:07:13Z
19HV7wYStrPdQRA1sWgeeEp9gTb794uAbF,RBIP0NEFTSC,BBNK0000001,2024-05-22T00:53:42Z
16d6LrUBQ8pJiiokyMvNs1u1EqT5v2f8FB,RBIP0NEFTSC,CBNK0000001,2024-05-08T00:56:30Z
1P69p5F9CpXwLo49isZ1dMWbVYksBkaQMx,RBIP0NEFTSC,CBNK0000001,2025-01-10T07:00:26Z
1LFn9TUK7EawNssj2uiSnozh6ken5t8KB2,RBIP0NEFTSC,DBNK0000001,2024-09-24T21:10:46Z
1KQw3goVuyih2J8GbV78zoP9vZJnHGvLvq,RBIP0NEFTSC,BBNK0000001,2025-02-10T09:12:38Z
1NfdiVu2GqozpeZeuSfXzsfeyMGS7GoAfc,RBIP0NEFTSC,BBNK0000001,2024-08-20T23:36:27Z
1NvT2aBKpqoTuzgfUTMhDVKGW2vsqRrC8G,RBIP0NEFTSC,CBNK0000001,2024-07-01T18:52:16Z
1HksG5uzMLXCELZk2Jp72MoczsrMpxFKBE,RBIP0NEFTSC,DBNK0000001,2024-12-25T05:59:30Z
1CfdVBJCiMN49evAY9QKJotLi3RxaS9Zgu,RBIP0NEFTSC,DBNK0000001,2024-10-26T13:15:59Z
1Le7KnLz9BJ9FEhWgqAvjNoRGeSDCxHaty,RBIP0NEFTSC,CBNK0000001,2024-08-25T07:18:00Z
1PCtioXJudoba9LgWUFPnz5zZqxpSp6C9U,RBIP0NEFTSC,BBNK0000001,2024-09-11T13:26:35Z
17kttCeyPGcrqmGtfNkftKjZ77VK31MRdP,RBIP0NEFTSC,CBNK0000001,2025-01-08T13:56:44Z
12Lp63RPdPH3kEmk8yxECrMqnvipsaXwf5,RBIP0NEFTSC,BBNK0000001,2025-01-02T03:36:52Z
1N8httB9uaZktShYAsahy4puVoi4RjHLpg,RBIP0NEFTSC,ABNK0000001,2024-06-27T17:52:54Z
1MvuN4aDZjAQHHUMXhE6EWRqe8hnMUVgSs,RBIP0NEFTSC,DBNK0000001,2025-02-28T10:43:44Z
1KT5Xjsu7n5MDFUqggefut63eH1haMH7Q7,RBIP0NEFTSC,ABNK0000001,2024-09-02T10:58:12Z
19QQ3HxwSoAJVtpMEdLMJBNcQEPruxvotU,RBIP0NEFTSC,CBNK0000001,2024-12-09T06:01:28Z
1H5rq1nPmR9yd24c3XJRWLg2XJZK4Te6iv,RBIP0NEFTSC,BBNK0000001,2024-05-22T17:26:49Z
1E92Vh3v2hdzPe6pKqk912TB4KejCCAzZq,RBIP0NEFTSC,CBNK0000001,2024-06-18T01:10:30Z
1LYpb2PWD8us5bQBA6QxMGbRD7pcjQbPS6,RBIP0NEFTSC,ABNK0000001,2024-05-25T04:20:51Z
1HLSfTjhn5p6R87q9wGJcwhkS6YjjAdv5u,RBIP0NEFTSC,BBNK0000001,2024-05-12T23:44:59Z
1KP6MqLZjBeiQpiP6RipZ5ChfoPzXfBs8R,RBIP0NEFTSC,CBNK0000001,2025-02-05T10:20:17Z
1NHBkCpdJN6SgBjgs8LEuPCfXk2cn3wEy1,RBIP0NEFTSC,BBNK0000001,2025-01-05T06:13:01Z
1NeK271BFYjUB71QzfBpnj1SsZaCjCMy7v,RBIP0NEFTSC,BBNK0000001,2024-10-18T11:40:38Z
145q9ivTPvNKFfQLwfZujwUeaAN9K9P2kF,RBIP0NEFTSC,ABNK0000001,2024-08-30T00:46:36Z
15dr7cu8hdSd8AbAwPeGWUG3B79kVvKU3d,RBIP0NEFTSC,ABNK0000001,2024-05-21T18:44:21Z
16VUTtxPM4sujZKzPAZa5L3LxyMgWrzZXJ,RBIP0NEFTSC,DBNK0000001,2024-12-21T03:12:37Z
1F4tgPKkhaUUyKLUx4Qbr9boeZYnoFqbUr,RBIP0NEFTSC,CBNK0000001,2025-01-19T20:21:24Z
18XggBsuMuC4H5ECUHgPL5gReCJDcFWyrV,RBIP0NEFTSC,ABNK0000001,2024-09-13T10:53:16Z
135DGoFrNNdmCUvaqShDekpKsfa18FxVnA,RBIP0NEFTSC,ABNK0000001,2024-05-09T18:58:46Z
1DveZyUNTLjLw83GoYA9baRYMxV9CkZ52d,RBIP0NEFTSC,BBNK0000001,2024-08-31T00:45:36Z
1JjRHdDTjPaiyJCoGSdeVQijV1y3kXW3Sr,RBIP0NEFTSC,ABNK0000001,2024-10-24T17:02:36Z
18Ptr3ytEhk2jjWDig8m734EcxcniPrcM,RBIP0NEFTSC,ABNK0000001,2024-05-03T00:42:49Z
1BnxWH5KtjtHfigZ1NCBgSzC2MpxXNwDXU,RBIP0NEFTSC,ABNK0000001,2025-01-30T04:07:06Z
1MLG8FZtjwDLTRJxmbFG5MPdr2UHgWPfkC,RBIP0NEFTSC,ABNK0000001,2024-05-14T00:58:06Z
1Do6esdrEM3GfnD8xUpxdwWHgFS2FHvZEj,RBIP0NEFTSC,DBNK0000001,2025-03-09T00:41:45Z
1K5vxX3vMAqWx2K6uqGfgBM2ucVzTm3i3f,RBIP0NEFTSC,ABNK0000001,2024-06-20T18:30:40Z
14gBgfWbVozShBpuFiVKr7M3KCdjuiN2jT,RBIP0NEFTSC,ABNK0000001,2024-11-22T00:19:25Z
1CDLcfKoBCAuhD5cg7AAtSisGU8aDf7CHv,RBIP0NEFTSC,DBNK0000001,2024-07-26T19:40:12Z
1HBQ7q8goNVACDN4ob5ND3SFb3XSmEKWTj,RBIP0NEFTSC,ABNK0000001,2024-08-28T12:04:34Z
1JuxSyT5PuMVc6RghTTBuWURxvtHUzqa2,RBIP0NEFTSC,ABNK0000001,2024-07-30T07:29:58Z
1CnfLKif4NtWiXSw4mcFK5hhuZj6NqbWQi,RBIP0NEFTSC,CBNK0000001,2024-06-12T06:33:44Z
14r4PdD5B7PhHcbEwVU2QmxSCrn8hikcPk,RBIP0NEFTSC,BBNK0000001,2025-02-01T05:20:24Z
16ouQD2v13wwLef4Do3xmLvz6yxynH5L5q,RBIP0NEFTSC,ABNK0000001,2024-06-17T20:46:18Z
1HTBoV5P7t1Yh1aBu1t8pVnWYLEEdknT4f,RBIP0NEFTSC,DBNK0000001,2025-02-02T19:31:44Z
16MxkK5PRPYqon7Q693YFdS9r1eUu14pro,RBIP0NEFTSC,BBNK0000001,2024-03-30T10:22:25Z
1PViRxzHhKEaHXEqck4bdjkzDYUdwq7uzw,RBIP0NEFTSC,CBNK0000001,2024-05-20T17:35:01Z
15tQisg1bgoXP8GugaD1YqainyFkdYUBdm,RBIP0NEFTSC,DBNK0000001,2024-06-25T02:38:15Z
1Pyccr57sfwcKfccmGa4fc6qRoMcq8rMXq,RBIP0NEFTSC,ABNK0000001,2024-05-23T09:45:54Z
16Xxi2k1iepecXPou35YDvhbA2TZB7MFzi,RBIP0NEFTSC,ABNK0000001,2025-01-04T23:54:19Z
12t34m9eRJRfcNLdLA3tHjJ9EGSoNvWUSh,RBIP0NEFTSC,CBNK0000001,2024-10-25T13:17:20Z
18A16wBczQs12gqD5mGqSu4dkceZCJ7cqS,RBIP0NEFTSC,ABNK0000001,2024-07-14T08:29:20Z
17YayckHAohvbqiD1fuQXsURfrF1VfhSDS,RBIP0NEFTSC,CBNK0000001,2024-07-23T05:24:02Z
17fi4rWUXqUwUyLpkQ8dEjJYk1yNHSnqT5,RBIP0NEFTSC,DBNK0000001,2024-11-14T22:40:53Z
1Na5M9FrJ9bbxT8h2JkXVEK9SnzMDjU4bj,RBIP0NEFTSC,CBNK0000001,2024-06-07T18:35:46Z
1E2mLH8LkDCpXYd4nan2kVGRkLm442Ahkq,RBIP0NEFTSC,ABNK0000001,2025-01-14T12:44:11Z
1CH99VDpcZC2wc9pU9z2Tp4K94UunuZbxK,RBIP0NEFTSC,DBNK0000001,2024-10-17T14:57:40Z
1CGMfipYqJx4xwzz7xUGVVvZu41qFZF3y6,RBIP0NEFTSC,BBNK0000001,2024-10-23T16:47:15Z
1Lqdaj4Y8UQ1VhgnPPwzs9Jk8eK2MaWxK1,RBIP0NEFTSC,DBNK0000001,2024-07-30T19:10:04Z
1Aipq3VsvPfE6g281whtZuCGLssywcgn7J,RBIP0NEFTSC,ABNK0000001,2024-12-05T17:35:41Z
15DAmYWAntsVVuMDuFNCLHCSnvibercftV,RBIP0NEFTSC,CBNK0000001,2024-06-09T07:07:59Z
183Bcm9d9xM3ZaPmLCT2VPdU7G7pQSSx2S,RBIP0NEFTSC,DBNK0000001,2024-07-29T18:33:00Z
1Hpi2oVBHGsBxXpEo4nm8BRkTjAGET4Cjs,RBIP0NEFTSC,DBNK0000001,2024-10-16T15:29:42Z
12U4PuHApTshPF25zDTFkmMPGkNiQ4P2Lf,RBIP0NEFTSC,DBNK0000001,2025-02-25T20:20:27Z
14ueQJ9widaFbNV9nXrLBBSyyXsp9amMyH,RBIP0NEFTSC,ABNK0000001,2024-07-10T11:43:33Z
1BcqrxXFjmuxNVr4XXpqnCrS11onFwV1vh,RBIP0NEFTSC,CBNK0000001,2024-08-08T02:19:22Z
15aMYxGXimmurPNvTq2kGi3GPde9fFAirK,RBIP0NEFTSC,DBNK0000001,2025-01-17T00:01:09Z
175wkDnVgnzVzUHsFDxcGKchpFfayZt5Xi,RBIP0NEFTSC,BBNK0000001,2024-07-17T18:18:49Z
1EugLvnyxohkUirgCSKsp8kWbjMeEsuR4y,RBIP0NEFTSC,DBNK0000001,2024-05-28T08:42:47Z
1PCo1SyRFBB3EfRrC1vqt6HgdakfQKK8Xk,RBIP0NEFTSC,CBNK0000001,2025-01-14T23:01:51Z
1637ezCYKGR3M3h5VesHV5xYx5fq3znmAs,RBIP0NEFTSC,DBNK0000001,2025-03-06T06:29:25Z
1JjN9wTsbWWa8E6UfvrCiRQvxY6pXnBV2c,RBIP0NEFTSC,BBNK0000001,2025-01-11T12:48:24Z
1GiTtjkbiLisqKvhLouXrBXRBeGD8nk6L7,RBIP0NEFTSC,BBNK0000001,2025-02-27T13:46:46Z
172xMbzyerKHma8z9ePLTXsF2GuEFvtJZn,RBIP0NEFTSC,CBNK0000001,2024-06-22T10:49:33Z
1U7CpGimgWLmqfLtyF2gGyvt4aX9jqSka,RBIP0NEFTSC,CBNK0000001,2024-08-02T02:12:01Z
1JSd4vgHR9rtmmSZZRQZha1Cc64mWpke5M,RBIP0NEFTSC,DBNK0000001,2024-09-18T11:23:46Z
1LgwC4i3R4BS6huJJQuhsrVY45qSAWE2Hj,RBIP0NEFTSC,ABNK0000001,2024-10-29T06:12:03Z
1KjDDhZejRb9mLJWYrAVBfYtsc5HmHHsQJ,RBIP0NEFTSC,ABNK0000001,2024-10-17T05:30:46Z
181poQkFXYXiX2h77PGirBJcg5bhxLqLAh,RBIP0NEFTSC,CBNK0000001,2024-09-22T07:48:47Z
15ancCeU6vT3kQUqvFV5TpBKF989AChdSy,RBIP0NEFTSC,CBNK0000001,2024-10-16T20:30:59Z
1CeeEPdvZKjohbQVkTgMUpLK3t9xVWEP5x,RBIP0NEFTSC,BBNK0000001,2024-06-19T15:41:02Z
1FNhcYLUgVsVSpyrcRDSLMqCb1W2ZazTHs,RBIP0NEFTSC,ABNK0000001,2025-02-18T13:04:41Z
18BAWiKeuuYGb472VshgLEZ85h5FvZmpWP,RBIP0NEFTSC,ABNK0000001,2024-05-11T03:27:29Z
1NhAQXwgx5DahvfguvVYwYQWQ8e6az9v8W,RBIP0NEFTSC,BBNK0000001,2024-04-17T04:57:25Z
1BpKJy9Tqc198VY55EcJBfHMtowcyaQbvF,RBIP0NEFTSC,DBNK0000001,2025-03-07T06:17:57Z
1BnD8tfyrcVwfVEFwhRzRFAaZZKp91ZWV4,RBIP0NEFTSC,DBNK0000001,2025-01-07T22:08:28Z
1JavnpCyyyxsq8RRQbJVqk67Begy6BkETL,RBIP0NEFTSC,ABNK0000001,2024-12-23T17:18:03Z
1JSo3AHoyy7q6c1j4Cc6pmshsry3nBk8Dr,RBIP0NEFTSC,DBNK0000001,2025-01-15T13:28:16Z
16xaSG2DJTPMuTy66sAaLJwToagLMhTUXT,RBIP0NEFTSC,ABNK0000001,2024-05-30T20:01:59Z
1Jk7sEfrdXi9RaiiJyrV4yXYTKtRrN51xL,RBIP0NEFTSC,ABNK0000001,2024-06-14T23:53:31Z
13dMKvJcKBijUu7KdsXJ6Kwz75AjfCCGWk,RBIP0NEFTSC,DBNK0000001,2024-04-23T00:31:02Z
17HDEerVVM3Y3G358Rap2yJ6TXZZZEraGb,RBIP0NEFTSC,ABNK0000001,2024-12-06T23:44:19Z
1PNF3umJk3aMhY6VQPAZBTR6eMQTfYVb2D,RBIP0NEFTSC,CBNK0000001,2024-11-14T12:08:31Z
14GDHRem3KbgfPmBap4viEPVpJU2mBT6X8,RBIP0NEFTSC,BBNK0000001,2024-04-24T21:36:48Z
1MTPTFSjQHMfDrBGuoNNoqaPkeqGE8JUbj,RBIP0NEFTSC,BBNK0000001,2024-08-07T12:19:28Z
1743DmYQL2PLtmPUTEWr4CDGE2dn9ozaZL,RBIP0NEFTSC,DBNK0000001,2024-11-28T09:54:03Z
1JvJPDNinT8dRNy9ADirgEQNz6RQZnJrGN,RBIP0NEFTSC,DBNK0000001,2025-02-24T23:36:01Z
1EzMpiXoH3zdADPuGNqCmbFab6bL5fNzK7,RBIP0NEFTSC,CBNK0000001,2024-05-16T16:17:40Z
1G5ukjSkznH9Q5KQNCh4uTmbc4nxyqPh64,RBIP0NEFTSC,ABNK0000001,2025-02-05T04:35:06Z
17Ui1KvGvVjVXybrwRejfb75VBvBqon9fF,RBIP0NEFTSC,CBNK0000001,2024-09-16T17:23:58Z
13dDe2mvn6Lq84tigFdZM7G5eerDEK5N3f,RBIP0NEFTSC,DBNK0000001,2024-07-04T14:21:15Z
169vzfJqjvxF6ximGckyM6RiEbTikFoCTm,RBIP0NEFTSC,CBNK0000001,2024-08-21T21:14:05Z
1G8nVBTTReQXz7xcUiLGwB6ZPC6C4aLeL3,RBIP0NEFTSC,BBNK0000001,2024-05-19T16:00:08Z
1Bjy87xoxJ9Z4bwiLJHoVy3kYHZSYeAyBG,RBIP0NEFTSC,ABNK0000001,2025-02-01T23:47:35Z
1Fk4mdYDqvjwNpwxtpeFRb961VEgUdTvdJ,RBIP0NEFTSC,BBNK0000001,2024-08-22T17:37:13Z
12vS6DYyAwXYGGjXqXoxVCBKN9xA4Qtk1G,RBIP0NEFTSC,DBNK0000001,2024-06-01T06:26:54Z
1QFPrhQsTtCGZCy7UuVF2L1H3JSbQT88WJ,RBIP0NEFTSC,CBNK0000001,2024-09-07T23:42:27Z
19R7MEC5SGwiAjgGJjug3pZi9KGk71avzM,RBIP0NEFTSC,ABNK0000001,2024-07-07T20:23:34Z
1NHZbG2ni33XK449kY83fiXU37cJK4Hnor,RBIP0NEFTSC,DBNK0000001,2025-03-06T19:43:35Z
13M7E58HzQdXDXJETXd28xKnu2ZDmuXG2Q,RBIP0NEFTSC,BBNK0000001,2025-03-06T15:55:18Z
17sijQVCyi2QLX9FSMic6jMVaUyMDBW3og,RBIP0NEFTSC,DBNK0000001,2024-12-08T22:41:51Z
1ftYWyL1jLFoP5aS35UHCd4PFWf5c18Nj,RBIP0NEFTSC,CBNK0000001,2024-10-07T21:45:35Z
1ES2hwEuJtmhsEdGqnXEaSbnRcAaxt74oo,RBIP0NEFTSC,DBNK0000001,2024-04-20T18:39:30Z
1PW1Ly1B4zHd4pUCUzXhfVWT8osEvzBiWW,RBIP0NEFTSC,ABNK0000001,2024-10-29T12:11:25Z
1FrtMLdCnReBy3SuoPVmNNh2EyA9gyqW3i,RBIP0NEFTSC,BBNK0000001,2024-05-17T18:32:12Z
19CuoQSERSpMmYjACU3ji31dQEqMxT4aJP,RBIP0NEFTSC,CBNK0000001,2024-07-05T17:18:14Z
19qUb7TjWJDwjrQD5f4UoH9XGxCVN15cTr,RBIP0NEFTSC,ABNK0000001,2024-07-03T02:50:53Z
1N9REhYPv4QkrudQmxyGRzExpEno2fPaY7,RBIP0NEFTSC,BBNK0000001,2024-08-22T04:39:13Z
15ZvV2hMA2WBgJ9CsXYm7NMuY6UQoEno1z,RBIP0NEFTSC,ABNK0000001,2024-06-29T18:28:15Z
1Ea7oJWQwxX5wGtma2dDQ4yyakY4mpzDdW,RBIP0NEFTSC,BBNK0000001,2025-03-08T08:17:03Z
19kbdZBWD3NonaCyR1eUsFSi4nRgJd9LHx,RBIP0NEFTSC,DBNK0000001,2025-01-06T09:54:48Z
14vueaPkEW8dxaxYRXXzg1cBYUmhKTAB2S,RBIP0NEFTSC,BBNK0000001,2024-06-03T18:37:52Z
1Pe49cXe4HzN2sS6GntinUE1dGvtdG1Hg,RBIP0NEFTSC,DBNK0000001,2024-09-17T20:48:29Z
1FSBzhypXMukyre3fY4jHQg5MFAe2XffAQ,RBIP0NEFTSC,CBNK0000001,2025-02-04T13:04:00Z
1B8g7uXTFYWXhC61MybK5qcLVnpaDGDkT5,RBIP0NEFTSC,CBNK0000001,2024-11-12T23:22:33Z
1H17n1wgaiZfcpvK7DbctSn3WJK7JNKM9f,RBIP0NEFTSC,DBNK0000001,2024-07-22T04:55:38Z
1JzhiYkWc4ckp1J1mkoYtsCVHe4sztZ2yt,RBIP0NEFTSC,DBNK0000001,2025-02-06T06:17:16Z
1QHhJdwpNHFVe5U31ZwWKmRdXpu363z99x,RBIP0NEFTSC,BBNK0000001,2024-08-03T13:39:36Z
14LiyWGNt2R5PYJH9qj1i6oCi9joufsx8T,RBIP0NEFTSC,CBNK0000001,2024-07-28T00:38:01Z
1JHpUNhdxhKrAs7L71iW2xAyGcUML1m2JD,RBIP0NEFTSC,ABNK0000001,2024-08-15T15:03:08Z
19UZpz1JysGVw9P8FESzPPsmcxVG76jWUA,RBIP0NEFTSC,DBNK0000001,2024-12-06T16:59:16Z
18RQ7QomsUnGappL75gMxGfP1xHxZs9Y6A,RBIP0NEFTSC,ABNK0000001,2024-04-24T21:49:51Z
1KK6WmuzzxCTwVmNP5SZt7SSRXaZVrLwVt,RBIP0NEFTSC,ABNK0000001,2025-02-20T10:19:00Z
1B1APMmFow5E1hRwBsrnJ2Wcat9B3W9V2B,RBIP0NEFTSC,ABNK0000001,2024-11-26T07:12:22Z
1BEJnj1BDrqifrPwPWDGouZjYGGf76w9A3,RBIP0NEFTSC,ABNK0000001,2024-11-30T14:52:13Z
12Xg1Pudukeuy5ju8VwjRhUQNwLf15wgKS,RBIP0NEFTSC,BBNK0000001,2024-04-22T21:57:36Z
12xScpGV7AsDPMYCx94yYVKLBQytit84Eo,RBIP0NEFTSC,DBNK0000001,2024-07-31T07:21:27Z
1MR6ujLq7F8wCCsgQQnFsq6CSeRvUYcTb1,RBIP0NEFTSC,ABNK0000001,2025-01-17T07:44:50Z
12Gm9Sp3PmvdXo6JZ596oEVG1TJjGWYvor,RBIP0NEFTSC,CBNK0000001,2024-12-08T05:15:03Z
13DWPwcWfJ1vjeZXd1gYdJ4eqeECDSgRgj,RBIP0NEFTSC,BBNK0000001,2024-09-11T13:38:56Z
1JT9gV4wWJHcfEuxU6nA2JmYD4jjcoN841,RBIP0NEFTSC,DBNK0000001,2025-03-11T06:12:28Z
1KjXmFNLXEzRTS1E3FCCUGXyC3Lb6QmK4V,RBIP0NEFTSC,BBNK0000001,2024-11-10T07:15:52Z
1FG8CtVVoAyYb2Mb75weNmB8WTGJo53CwL,RBIP0NEFTSC,BBNK0000001,2025-02-07T22:38:24Z
1KwtSa6va88ggxgxzf3rbuyFr4ddVv1DQA,RBIP0NEFTSC,CBNK0000001,2024-05-09T14:49:00Z
1QL7NJtbwwJG5zz7U1Yn4owbtU23B5SHhs,RBIP0NEFTSC,DBNK0000001,2024-12-22T05:54:05Z
1HHapo9wNgEBqe9js51nhDEYCVFzQeyXrR,RBIP0NEFTSC,BBNK0000001,2024-06-29T02:50:38Z
1CpVUMFg66CC8yUCF4EEfPjR5smT9aHmpX,RBIP0NEFTSC,BBNK0000001,2024-10-14T18:42:22Z
14DB9JHonkVqpQBj4Vs1r2PSjibsDDXQyb,RBIP0NEFTSC,CBNK0000001,2024-04-07T09:20:32Z
1GSCvZiB87uLJwcNRQ1Xp7ejFNTxhcTsk6,RBIP0NEFTSC,BBNK0000001,2024-08-04T19:52:13Z
1CN5d98QdWQPrDxaZSab1ykvbf6TYtqnGE,RBIP0NEFTSC,BBNK0000001,2025-01-08T05:21:45Z
1Bp1AbNwqsxZ31fMk23vvv7aMS1DMHWZLx,RBIP0NEFTSC,BBNK0000001,2025-02-27T07:08:35Z
1LCc3Xctc73nxzzx6KLvwtrnB15vn3YPZh,RBIP0NEFTSC,CBNK0000001,2024-03-22T22:00:02Z
14ytLfTTLtK7jxESeTdSvk6q82ybDM8NqE,RBIP0NEFTSC,DBNK0000001,2024-09-29T05:46:45Z
1Exc3vMZtt8ZdQag8UpjbZh8K2RPX8iGHU,RBIP0NEFTSC,ABNK0000001,2024-11-15T18:26:28Z
1FaFrPo94hgiGcc1xQ1xtyuFHDJmDCcNBs,RBIP0NEFTSC,BBNK0000001,2024-11-30T20:00:23Z
1KUNWUHet2dNWh3ziPgWZC23aXbm5mMphp,RBIP0NEFTSC,ABNK0000001,2024-12-18T06:44:55Z
1GBPhprcp59o4ZcfcfsBED93h66iRv2ahs,RBIP0NEFTSC,CBNK0000001,2024-03-28T03:47:12Z
1F3p9tMtv23AwWeeh6wA8n68sWB35E4mVi,RBIP0NEFTSC,ABNK0000001,2025-01-28T10:14:38Z
1BwxPG9wngxTBE4gkrBEsk4iQyN9gLQeVK,RBIP0NEFTSC,DBNK0000001,2025-01-21T22:57:42Z
13Y5ptREZaW6UCMM4kgaWmkSTGpvgGKcpW,RBIP0NEFTSC,DBNK0000001,2024-10-29T22:50:11Z
1GYrAK26tViCjGemmJc94pPUCd6wEBbiS1,RBIP0NEFTSC,ABNK0000001,2024-10-18T08:57:11Z
1D5zGAmzcRn1Airp6F9YCdSzeYQ5k7548b,RBIP0NEFTSC,ABNK0000001,2024-05-30T20:16:11Z
1CEQAM688WmZ37TTkkztEJ1U4q93FKhaoa,RBIP0NEFTSC,BBNK0000001,2024-03-16T08:59:20Z
1HsEmyqX2ESM4GV6X2WvEW92ccS2PXVifn,RBIP0NEFTSC,DBNK0000001,2025-02-06T20:39:49Z
1667udN4ZnwHVr8hnvsFedf4e9mBDzFcMn,RBIP0NEFTSC,BBNK0000001,2025-01-05T04:57:43Z
1F4EFc4v1ijb13DFqrKLLFYexW2KuWGNzz,RBIP0NEFTSC,DBNK0000001,2024-06-22T10:28:25Z
1KiQQ6mtWbc9u6zZRJuLDzDi2PrKbMDB8D,RBIP0NEFTSC,ABNK0000001,2024-04-08T10:47:36Z
1DxJ7mn9qm5DgrqcSd7bhEoVnDL9DbJADC,RBIP0NEFTSC,ABNK0000001,2025-02-05T05:52:33Z
19x7TUUd2R3u97FrpcAL2s2UxnGHpm75gE,RBIP0NEFTSC,CBNK0000001,2024-04-25T21:08:41Z
16N4Vhqb5xYp7hqZkHxKRNxzxQMQRLzUWK,RBIP0NEFTSC,BBNK0000001,2024-11-04T03:30:15Z
1B7wB7Cj9Hjsb4mGqiSxiH4fZdQMUGRuYH,RBIP0NEFTSC,DBNK0000001,2024-07-19T13:46:15Z
1H8xzfbmeY86MdaAxMVtinKnux2u7YSrfP,RBIP0NEFTSC,DBNK0000001,2024-11-05T06:53:54Z
1KWQvqGiZwg6QyKL89Bj8Hhib5Ko5adyok,RBIP0NEFTSC,DBNK0000001,2024-11-27T14:39:14Z
1Fo3DJwvz7Rfe6TeJEU2NWonHFjtoEjaNC,RBIP0NEFTSC,ABNK0000001,2024-05-24T04:32:59Z
13PtYTzc5bLPjUdhaB2PaTe4Pz1LXS2f4J,RBIP0NEFTSC,DBNK0000001,2024-08-10T03:19:47Z
1DqddG3gtwuvvqyP2fP2vEwBT7e9q5UJWM,RBIP0NEFTSC,ABNK0000001,2024-06-21T05:57:18Z
1BJvrK6B9fWKibwFgdCaHgvZeyQj3WJLtW,RBIP0NEFTSC,BBNK0000001,2024-05-12T19:59:46Z
1DsWSa827LJKvKBgj2uGJNXEuVMWSDFwra,RBIP0NEFTSC,BBNK0000001,2024-08-08T07:12:41Z
1G2f7XATdgDfXK8ehG6UNUkHAnw4F2CNu6,RBIP0NEFTSC,BBNK0000001,2025-02-17T00:24:53Z
1D3pFkvJV78WT6tnGe9nEwg5EXXgnKrhiB,RBIP0NEFTSC,ABNK0000001,2025-02-14T17:04:05Z
1A5h3Sv1DpkyfJPMv6cRbE2Wsv4bBuK9Z1,RBIP0NEFTSC,CBNK0000001,2024-08-21T10:22:36Z
1HZao3cTnCcdWgRtUABH5fQjibokvtwBZY,RBIP0NEFTSC,CBNK0000001,2024-09-01T04:18:36Z
1LvmjvpLSHM2rWnb53UfTGZWDnPdaUkhs,RBIP0NEFTSC,CBNK0000001,2024-12-01T20:14:55Z
1Kuo2Jfv5EJAhkz43RMrKjc6AmoGtjY2qr,RBIP0NEFTSC,DBNK0000001,2024-12-19T18:12:57Z
1HybnKpiiyDcRdENDVBPi3iiZ1fckJhBdx,RBIP0NEFTSC,BBNK0000001,2024-11-17T18:33:21Z
1JVkpzoHfQB5wcYcM5RTYGnFMUk7tpD8BQ,RBIP0NEFTSC,BBNK0000001,2025-02-02T20:48:47Z
1LHVdquNq2VfWEZymqTXz5jBLv1M497RxY,RBIP0NEFTSC,DBNK0000001,2024-11-28T04:22:39Z
1BKLewc6nb5NGwEdcSWjUUHQbT95oEP9nJ,RBIP0NEFTSC,CBNK0000001,2024-04-03T18:04:23Z
168doVTHCB6UegA1rAXh9FsE49TYY2rRY4,RBIP0NEFTSC,DBNK0000001,2024-03-24T02:51:09Z
123yrsQ3Ui17HAWhjGba5uHxDpCDiCzjJg,RBIP0NEFTSC,ABNK0000001,2024-11-22T06:03:20Z
1EUQF2yB3wGyEVGzcTHf2tnDsCngRfngCN,RBIP0NEFTSC,ABNK0000001,2024-09-26T00:38:06Z
1JDSmZwJhmo3thfmwT5tBdQGdh95kDyn8H,RBIP0NEFTSC,ABNK0000001,2024-05-30T03:42:59Z
1AoMFipgTYv6wvGDPtc59GizFejV3agbvv,RBIP0NEFTSC,BBNK0000001,2025-02-21T03:43:22Z
1GvxcjdkVd54YTHuB18Etr6CyVfUCAbEFh,RBIP0NEFTSC,DBNK0000001,2024-07-02T08:18:19Z
1G8bYQTavuyjx1unEubwXN9po5nVQAvJ6v,RBIP0NEFTSC,CBNK0000001,2024-05-28T14:42:31Z
1CKCRij3w3nGGBWtt1zARs4Szbxc1sUMMN,RBIP0NEFTSC,ABNK0000001,2024-12-14T16:46:12Z
1FHwTM1b6DLXBTz2UNfYwGa4qGLXGyHd22,RBIP0NEFTSC,CBNK0000001,2024-08-12T11:59:50Z
18dXQYCSY46wLSAmNnTMvMaMaRJbjxE8CZ,RBIP0NEFTSC,CBNK0000001,2024-09-12T22:40:17Z
15dif4WeWt6jiLwfN2SvW81k5maxVF9zqZ,RBIP0NEFTSC,ABNK0000001,2024-04-22T01:14:13Z
1LUqYnhCns6Go4bu5GQ5KpBGXht3Y5hKHw,RBIP0NEFTSC,ABNK0000001,2024-07-08T22:54:07Z
1KvGr4CnsLtXVSKSm1AjfsEZCjE81bzTGk,RBIP0NEFTSC,CBNK0000001,2024-04-22T02:04:10Z
1Hac5TwPTm2oViCtpnLnosqeg9atU7GMYS,RBIP0NEFTSC,BBNK0000001,2024-04-07T19:42:03Z
1AMD6HAHGqRe111N5UsZC3k8YN4wDqvhYn,RBIP0NEFTSC,BBNK0000001,2024-06-05T10:11:49Z
1Cc8WsRwL8xohF37xtpWQrHaoXURSTr6bk,RBIP0NEFTSC,CBNK0000001,2025-02-04T04:47:16Z
18Z1RWaDoTXTtquoPoRRmCsCkQZdB9t7dY,RBIP0NEFTSC,ABNK0000001,2024-05-19T14:34:30Z
1HWq9cDpzHEdos5dTGYrANQMXn2BEm8T5c,RBIP0NEFTSC,BBNK0000001,2024-08-08T07:09:57Z
1DgEgAtX85sDMoViKAr5hzbEVEDNBN9Xye,RBIP0NEFTSC,ABNK0000001,2024-11-01T02:31:43Z
1D1L1dTTsqxG3bvmL6ha98gufTW5HPbAc4,RBIP0NEFTSC,DBNK0000001,2024-10-15T20:44:43Z
13snf1mT7aBJGq9ka6iLrkknj9nQdRG7d8,RBIP0NEFTSC,CBNK0000001,2024-05-03T00:21:23Z
13V4zNutZaztNxGs8vJfKdZmFbEG2RXAAh,RBIP0NEFTSC,BBNK0000001,2025-01-27T18:10:21Z
1BdM4MViZChjggovTKmKzTx7TX8WgpxbyP,RBIP0NEFTSC,DBNK0000001,2024-08-24T16:17:10Z
19jPGpJbVsa9jNc22pimp7Nhdp92tUVkVo,RBIP0NEFTSC,BBNK0000001,2024-11-17T00:28:40Z
14x2ZRHrKx5wmpeoMHGiJPDurzSMsbKW2P,RBIP0NEFTSC,DBNK0000001,2024-04-29T10:32:58Z
16vJfm7Qw175Fz4cKNf9MbqcwBnLuBNAE7,RBIP0NEFTSC,CBNK0000001,2024-04-22T13:33:39Z
18q8sL8U7R8DuPBvKdScqUuDgLYgz4RsuY,RBIP0NEFTSC,ABNK0000001,2024-05-01T11:20:12Z
1LvJ1TEj1xtLE5ZyfhCGvjMukBHtBv5Wte,RBIP0NEFTSC,DBNK0000001,2024-09-11T20:12:42Z
14xhNqNWR3Gp9q3D5RE67MiJkUKAGjmkyu,RBIP0NEFTSC,DBNK0000001,2024-04-01T09:58:58Z
1Q48LQaZqfAsJT8z1gxrZvyLZBV5AwScpS,RBIP0NEFTSC,ABNK0000001,2024-04-04T19:44:35Z
1BzEMgMnxVQ4F6ZrPeRh9mrK16YNYbRoDt,RBIP0NEFTSC,BBNK0000001,2024-11-16T08:18:26Z
19qodSwY5uhfy6ySBT1MqyQ7NpcsxTA53B,RBIP0NEFTSC,BBNK0000001,2024-07-28T15:48:15Z
19wqVtAgYALNR3FhvaLjGYKJ8oVm8Nw9pY,RBIP0NEFTSC,CBNK0000001,2024-08-12T06:28:31Z
1Kci93fT8D8MgJ5FyNH46nVev3qX541fLm,RBIP0NEFTSC,ABNK0000001,2025-01-21T21:31:30Z
1KpjJeZhTKD2XyndxG24CY5WDXtUVVNeBA,RBIP0NEFTSC,BBNK0000001,2024-07-30T12:00:27Z
19qY4pZMjZHu448AVMTjaYuLgD6QCbWj8,RBIP0NEFTSC,DBNK0000001,2024-09-17T19:58:46Z
1Nhp3Rc7u98CGtHVEQ9JLzHcn7h1fdUNz7,RBIP0NEFTSC,CBNK0000001,2024-03-20T14:09:23Z
1Bo8bxwkksqTkiu6EXfgsjSScNMYzP4a8j,RBIP0NEFTSC,ABNK0000001,2024-05-26T15:35:28Z
1NF2RqvELwje8RVXeeosX5ACTx2KotXZaW,RBIP0NEFTSC,DBNK0000001,2024-08-30T17:28:14Z
16e4kux7cCxi5dtsDNzEQc2mDPXeHiinHv,RBIP0NEFTSC,CBNK0000001,2024-12-19T17:58:36Z
1HfsaRpPE4cRw9uDhmqLMwJaFnBcp38ieG,RBIP0NEFTSC,ABNK0000001,2024-06-04T17:20:41Z
17zN58HFP78d6SApfnPrDj62BhhuqVjmKZ,RBIP0NEFTSC,ABNK0000001,2024-05-01T11:04:40Z
1FZYJAw8oxpbFk4oqxDNkLdUCQgpCHUBQ1,RBIP0NEFTSC,ABNK0000001,2024-06-18T05:45:31Z
1MQmeQkhSHzWMJv8nbbWpVToaQuW8YyyCS,RBIP0NEFTSC,CBNK0000001,2024-08-24T05:10:49Z
18bGzhGQ2DxAKe9nayFXiwhDGGsQwRKpsc,RBIP0NEFTSC,BBNK0000001,2024-08-10T09:08:17Z
1CfBq9qWnC6HNse27FUnfQbCvqaGuXzyv8,RBIP0NEFTSC,CBNK0000001,2024-12-20T15:55:29Z
1HTwTNq8DnzJkeFroGUTL5dLbKpEUckBeB,RBIP0NEFTSC,ABNK0000001,2024-08-12T05:54:44Z
1A39hwpV4P3Uvt8w2sEcLZwE6wk7YAAxEr,RBIP0NEFTSC,ABNK0000001,2024-06-26T16:43:31Z
18ifVhidn59p9WZpNFfU2N3Z3PdLdVE5hV,RBIP0NEFTSC,CBNK0000001,2025-02-28T14:41:55Z
1AFmnNEWXm5XVPeJ7JELeDuBcnaZKLGUi4,RBIP0NEFTSC,DBNK0000001,2025-01-01T21:30:20Z
1LbuFFSzwYgApHeC64vxQ8uAsDAcz1ibNN,RBIP0NEFTSC,BBNK0000001,2024-10-06T04:53:41Z
1CFDvSHGChC6YRG4ZaedhhaHiodR2Rymhd,RBIP0NEFTSC,DBNK0000001,2024-08-04T02:05:20Z
1Gs92r2vndNcRzEvFwS232bKURHRLgLqAh,RBIP0NEFTSC,CBNK0000001,2024-12-16T07:05:30Z
18hWSvvMeYhPEQzFLFp1vKhRTkoTXgXjcX,RBIP0NEFTSC,DBNK0000001,2025-01-21T10:03:14Z
1PVWLBZ5Qk3g5BaP3EGvzVbM669wTHvRSo,RBIP0NEFTSC,DBNK0000001,2025-03-02T03:42:27Z
1EhgJyDPujudwKC76ZjuVTiKdXgBAgFt3F,RBIP0NEFTSC,DBNK0000001,2024-11-20T10:13:37Z
1HjBRFqnaCxwsgp6fLub8qhBhbUoV1DCns,RBIP0NEFTSC,DBNK0000001,2024-10-18T20:17:27Z
1MYEkXLbHjPY7nmdfUkVh8dyebEPmytRSn,RBIP0NEFTSC,BBNK0000001,2024-09-24T21:38:07Z
15qRfTbAUQ9NK3o55n5Xd3ALVaNVay2Aeh,RBIP0NEFTSC,DBNK0000001,2024-12-28T11:33:36Z
1QCZazcNv4xiW2GoRMCNn4i8CFhtuUsxd,RBIP0NEFTSC,CBNK0000001,2024-10-09T00:34:38Z
1PHJpP8WJ2aHk2sicvc1jRuP1sfD1Y2DgT,RBIP0NEFTSC,CBNK0000001,2025-01-10T06:51:07Z
14RGHESnW2CCs96WT6gNcdkkJyLHFzgt6j,RBIP0NEFTSC,CBNK0000001,2024-10-21T02:09:48Z
1BSvqYuQcEe7HkAFPmtQs7srL95T2PicJ7,RBIP0NEFTSC,ABNK0000001,2024-12-15T04:35:39Z
1GAxCMv7hkssuxQTY5fDWBLE5XSvuVEuSp,RBIP0NEFTSC,CBNK0000001,2025-01-24T02:14:05Z
13BtUhzTm1W4rT8xWGfFopRS1ScMRYjMFX,RBIP0NEFTSC,DBNK0000001,2024-03-22T18:57:55Z
1C9VkHvg78Jpn2myoXQPFsRQHRKnAHAJwi,RBIP0NEFTSC,BBNK0000001,2024-05-27T05:03:04Z
1MjWanBixoFjja5k1vXtCNfZwwcQDUjZLE,RBIP0NEFTSC,ABNK0000001,2024-03-24T02:09:24Z
15ibjiCYoASBLC6pAMoMPPj6fsvTknfY9d,RBIP0NEFTSC,ABNK0000001,2024-10-06T07:43:15Z
1A8yjLfMLPohejzF6P3p6yjYDJxNiff2ai,RBIP0NEFTSC,DBNK0000001,2024-07-07T08:53:57Z
1CURn5x6GUo9tHSnA7pLvisEabwrz1xzG2,RBIP0NEFTSC,CBNK0000001,2024-07-19T02:24:58Z
1C441FQcXfQfapq9ZUdLugWSY5Dru878RP,RBIP0NEFTSC,CBNK0000001,2025-01-30T11:07:28Z
1AR6arF5qZuHS34c7ghCh7BJAf1WzeZXqZ,RBIP0NEFTSC,ABNK0000001,2024-07-21T11:29:38Z
1JHc6gmEV5HfXAfnaZwTxxbCKbyGGiywPQ,RBIP0NEFTSC,DBNK0000001,2024-05-18T09:53:33Z
1Psyq7y5gYcrt4nYJHuuces6zHs15V4unN,RBIP0NEFTSC,ABNK0000001,2024-05-21T20:02:07Z
1M3oMfUpwFZUytcjuu8MZ9B6BR9heryBCS,RBIP0NEFTSC,BBNK0000001,2024-08-27T00:10:40Z
1Bzpu3ayVLhWtm58mhspSh2JTDTL1fUdBr,RBIP0NEFTSC,BBNK0000001,2024-09-24T12:14:24Z
1nfoJNCTFutVdfcvM8GRs4dptzKDmrCpi,RBIP0NEFTSC,BBNK0000001,2024-05-04T23:27:00Z
12QrH5DXrczGj1Qf9sTjdUiyHT3axhC6Bu,RBIP0NEFTSC,BBNK0000001,2024-05-03T07:10:02Z
14RXibVXqDxF5enr17vUs2ciSLoFP54PQY,RBIP0NEFTSC,ABNK0000001,2024-05-13T12:30:09Z
12Ct3KHXcUmim2t8rQFEdDx8gRhX2fSWji,RBIP0NEFTSC,ABNK0000001,2024-06-10T12:22:30Z
13B2XJYEtpgbH7HofvEDD3JEJ24pxdQ2Co,RBIP0NEFTSC,DBNK0000001,2024-09-26T17:52:24Z
1FW3y5go5UuT61q8VgmYFfVQYP7D25dyb4,RBIP0NEFTSC,CBNK0000001,2024-08-20T08:25:56Z
1AwNQugTTuoiWFpy5Vp4vjZ3mn1fL3jiSc,RBIP0NEFTSC,DBNK0000001,2024-10-10T13:12:43Z
12zMAtAHP9D6pM2u7SP92sxyMhbGNjnjK7,RBIP0NEFTSC,ABNK0000001,2025-01-03T08:23:23Z
1M7BrHDq62AEb1rXNtsCCiPWYfiBWEoP8U,RBIP0NEFTSC,CBNK0000001,2024-11-09T20:36:27Z
1FCK3pGgZ3xk7NBfP28diSdfbRtQuHmRQk,RBIP0NEFTSC,DBNK0000001,2024-12-05T01:02:11Z
16P1dG1QnStj2MMakZGK9DjTw5cpRpQEP5,RBIP0NEFTSC,ABNK0000001,2024-11-27T14:25:09Z
12s49zphaeqa1mgN2EspLHgsj8zozubM4i,RBIP0NEFTSC,BBNK0000001,2024-07-26T11:35:49Z
1CywrXB7NPwFrmEmhxRYc5y1esMDoSwBus,RBIP0NEFTSC,ABNK0000001,2024-09-18T18:47:47Z
1Bux5GiziiHPHD8yYrxZ4JCfDPWbBjkPEW,RBIP0NEFTSC,DBNK0000001,2024-09-26T13:59:04Z
14YZdmh6Q4yDFo6txC2jx3QBeFhbVNumvC,RBIP0NEFTSC,BBNK0000001,2024-04-09T18:39:56Z
152geHEJyr3iD3X3ajE4NMLWActsdnKrJ4,RBIP0NEFTSC,CBNK0000001,2025-01-05T15:36:09Z
1CkeQG1yWL7gbDk9h43bQU5Y2y7LjAtK74,RBIP0NEFTSC,ABNK0000001,2024-05-20T06:06:57Z
1GdkVoxVNYtHiZUCer9sQtMZNr5nyBME72,RBIP0NEFTSC,CBNK0000001,2024-11-12T19:27:42Z
1NxohxdAHmf4UY69vQUS8qvnJB5AusAZMB,RBIP0NEFTSC,ABNK0000001,2025-02-27T03:34:53Z
1HvxkCdWCCaTEuwDksEh1b765PEMoafJ43,RBIP0NEFTSC,ABNK0000001,2024-04-03T12:43:08Z
1Ac9ovjTi3epQu3jhaABWj56HqTHp8xLJb,RBIP0NEFTSC,BBNK0000001,2024-08-09T01:04:43Z
18XhRW31RR5ZRgaGMVSfN3n18Z3KmnzH3Z,RBIP0NEFTSC,DBNK0000001,2024-07-14T17:57:52Z
14PpbHUw4N7oUNsmw6MtdKABXJ19MuSS3u,RBIP0NEFTSC,CBNK0000001,2025-03-05T04:21:46Z
1Ej8mY21Zigqc7C37xiLwoaERQda1GUj93,RBIP0NEFTSC,DBNK0000001,2024-10-06T14:45:07Z
1HU5XWwmd4cK9qnA6aGr356GwQo6z6Buex,RBIP0NEFTSC,CBNK0000001,2024-10-12T21:24:10Z
1Dx3jBCcDoecuGKkuo2NHuJQa4GFyzpoaz,RBIP0NEFTSC,DBNK0000001,2024-06-01T19:16:12Z
1LErFCviyLbSPEMfuMLYv8khNky8mwVvhB,RBIP0NEFTSC,CBNK0000001,2025-02-19T09:16:39Z
1LwXghnRgQakFQ8yjQAqMqXiJHWdYbWXKq,RBIP0NEFTSC,DBNK0000001,2024-07-30T09:36:04Z
1LtrKx4JeBV552gprustuGqgzPV5jkS6Hq,RBIP0NEFTSC,DBNK0000001,2024-04-09T09:18:35Z
15TYnzak9yPX188WKVWLzuFWD24Ug1d9mq,RBIP0NEFTSC,CBNK0000001,2024-11-10T06:33:12Z
16Eq7TJrbxfjcyYyVezA6EnHK4uK73zCrj,RBIP0NEFTSC,CBNK0000001,2024-04-22T00:30:17Z
1GsrJRYBA1AwXg2Ef2dg4n62vVegpDHif6,RBIP0NEFTSC,CBNK0000001,2024-07-24T06:19:17Z
1NQCqHs2tA8znsLLBiadLwZ62PsuJqEMfW,RBIP0NEFTSC,ABNK0000001,2024-11-30T06:31:34Z
15c2fxM3SzNBcgD691V843vLyjcbUqVpxY,RBIP0NEFTSC,ABNK0000001,2024-10-28T14:49:54Z
1PJPuPXoZr5b3RGdstXGXEyaH3mGUc57SX,RBIP0NEFTSC,BBNK0000001,2025-01-25T02:49:52Z
16envYdgPiBesSDD2iqhu3xptDAsyYEvLZ,RBIP0NEFTSC,BBNK0000001,2024-11-30T10:04:58Z
1PM3shtNv3diMtucPGyaV55LvfvdPCwrGB,RBIP0NEFTSC,DBNK0000001,2024-09-01T21:40:37Z
12Vc4pPrvBmnsuNPRgcqfGBbgJStvBnqiZ,RBIP0NEFTSC,CBNK0000001,2024-10-22T09:57:26Z
1EV3RDQ5MCqA35NTUQMaNkUCfshoUKVZGp,RBIP0NEFTSC,BBNK0000001,2024-09-01T09:37:03Z
16uzCnrzJYM71nyeF66rm2nSfbDd8u54Gn,RBIP0NEFTSC,BBNK0000001,2024-12-25T08:42:42Z
1Lt2Y4UrWsUf5T1vcZz18pbRjcFQA6mU3D,RBIP0NEFTSC,DBNK0000001,2024-10-16T14:52:23Z
1QHppA37hUx3qKxbYjgPXr36AktWsWHFse,RBIP0NEFTSC,CBNK0000001,2024-12-21T06:02:21Z
1KrnhcnBohDLhSG4hTjJPWwZun8x3GeNZd,RBIP0NEFTSC,DBNK0000001,2024-12-02T05:09:50Z
115xRK5pHbUJVEUGACfMnPWsak8i1ykjas,RBIP0NEFTSC,DBNK0000001,2024-05-13T19:57:09Z
12j2eCDk4mVs6NDZrPT69EMzj1hMVdHPHV,RBIP0NEFTSC,CBNK0000001,2025-01-29T03:05:34Z
1Ki9t8SsjFRcXU5LJwzhKadjUP9hnY8EdL,RBIP0NEFTSC,DBNK0000001,2024-06-04T04:26:57Z
1C8WyBVqYPd7c9RJqWR534NRRVBF6Ya5vN,RBIP0NEFTSC,BBNK0000001,2024-09-02T21:16:40Z
1MVQX4oEtCtMKg5kUHgdaLKQXzV1yGwjsv,RBIP0NEFTSC,CBNK0000001,2024-12-01T16:55:28Z
1Ko4Jbn8VMDCudzFZM4JvqbdF1rzguBpcp,RBIP0NEFTSC,ABNK0000001,2024-11-13T01:56:07Z
1MfWhQAkd43W5uArruAzjMEPLaGhsrtPEN,RBIP0NEFTSC,DBNK0000001,2025-03-04T10:28:30Z
1BS1KzUjhRiuVrYFPLtGh4Tw6AycGTWQKP,RBIP0NEFTSC,DBNK0000001,2025-01-18T18:02:13Z
1DLtNQbPZC3XgzxnKCLvC9mpXUj9N4oCwX,RBIP0NEFTSC,BBNK0000001,2024-04-26T23:43:30Z
1Am72xVTHh8MseqiLEsQphhEfDbJuh9NgC,RBIP0NEFTSC,BBNK0000001,2024-09-01T15:53:33Z
1Ka3JoRwZWwKUX5CuxFBZEBC8MEKMaXGvY,RBIP0NEFTSC,CBNK0000001,2024-12-29T08:26:46Z
1CPmJxFRTPsR11zy4Z1vt22TebkqqVQNvU,RBIP0NEFTSC,DBNK0000001,2024-07-21T06:41:22Z
198C8gn1URkjPmRJWjFJENs5oKJhkarDpK,RBIP0NEFTSC,ABNK0000001,2024-06-05T03:58:32Z
1MWxJ5YgekaskXZfurtHazWTZe4AbsfVRe,RBIP0NEFTSC,BBNK0000001,2024-10-04T15:47:56Z
18kNLdJKoeMoFJEXAmh392uo9W6mntmWfV,RBIP0NEFTSC,DBNK0000001,2024-06-12T17:50:55Z
1Fq2PdUiZetzZLgExCjJPMzwm1gvRE4o86,RBIP0NEFTSC,DBNK0000001,2024-10-15T07:24:05Z
14v8GatfpGpFT4TkiizjNxMs96hqi1H6rt,RBIP0NEFTSC,CBNK0000001,2024-11-06T19:17:18Z
18JdNE9AJ5p5x171moivVD43Uw6X6aePG2,RBIP0NEFTSC,DBNK0000001,2024-06-20T08:19:50Z
1JoTEQnvDVNYmLnLfbUXMJGQLAu6SvD6vk,RBIP0NEFTSC,CBNK0000001,2025-03-09T17:37:34Z
1DwCrTQx1p1oibfurjuWLSmRMyeXJ9LGLS,RBIP0NEFTSC,CBNK0000001,2024-04-10T15:16:17Z
1LZiXppqnhQJ7rySVyrsf3a26cq3T5hKXi,RBIP0NEFTSC,DBNK0000001,2024-08-04T13:25:14Z
1Kfs1fnGedfbVnax2uEfY5cNa2e54kpF6d,RBIP0NEFTSC,DBNK0000001,2024-09-12T07:12:01Z
1EP8q52zbpn52P5JeUVJGm8aFWjwNCovvE,RBIP0NEFTSC,BBNK0000001,2024-04-24T05:32:52Z
1CWsY1bmvRdDt4LRPAVvAr4tvpgok2BYsU,RBIP0NEFTSC,DBNK0000001,2024-05-05T06:59:29Z
1HGeMt6VujxrvR7cGGdrRB11F6h2LB7uHo,RBIP0NEFTSC,ABNK0000001,2024-12-05T16:46:04Z
1GKGuPoYXWrPhhPWDbu8zYQ9Ui7YYdGuBS,RBIP0NEFTSC,DBNK0000001,2024-11-11T16:12:41Z
1HctZ9XRFfihdQBD8qK8DqSWfc9BzrXcSn,RBIP0NEFTSC,CBNK0000001,2024-10-28T09:50:09Z
1DwJzzXY2udshJDi4UM7BtmYdxrs8W251U,RBIP0NEFTSC,BBNK0000001,2024-08-11T22:18:37Z
1Epm4o9v3omWrtA8GJhSFXBuwf6GjBVbcs,RBIP0NEFTSC,CBNK0000001,2024-06-22T15:57:45Z
16QuoQW1PbXWGmi8YC9wPEKN7SkewjfaDC,RBIP0NEFTSC,ABNK0000001,2024-06-17T14:45:35Z
1B26ccbxgU5rQbQD3x7wZFK4AgWZgfqMkw,RBIP0NEFTSC,ABNK0000001,2024-06-21T14:59:14Z
12jotpbLpuktJPuQFRSk3a4fGWBN6fVCDs,RBIP0NEFTSC,DBNK0000001,2024-07-20T03:34:46Z
17Lc37VuzmwsTcHV2m9GvMfSCA3ZLLCvsc,RBIP0NEFTSC,ABNK0000001,2024-04-30T04:00:41Z
1KMrVaeQ39rrucKtuKfoh99QHs7JRQjpae,RBIP0NEFTSC,ABNK0000001,2024-06-09T05:33:29Z
1GaMVXVefkeK9q1HWuEYtrx7mBEYGtprD,RBIP0NEFTSC,BBNK0000001,2025-02-22T12:02:40Z
1GX1Xa7TKWqJz2vaoE2AX374QHxZ6BRXsK,RBIP0NEFTSC,ABNK0000001,2024-09-25T07:46:52Z
14dVWVgiKdSH2P1uKbXnEr22QNwPbuBRDP,RBIP0NEFTSC,ABNK0000001,2024-04-15T09:12:52Z
16tD5iamQBD68qEt72ZUeWLC2JdcRe8SBa,RBIP0NEFTSC,ABNK0000001,2024-07-07T14:58:59Z
1EcKp6wEk6gzfBF7Z5rxuvZvR1rLJsSWQj,RBIP0NEFTSC,ABNK0000001,2024-08-18T19:46:02Z
1GJ7SMpto9ot7RZWTwNWpEq27qS9ie7dWr,RBIP0NEFTSC,CBNK0000001,2024-05-21T06:13:53Z
14A6TsWPYhGr3ekr6vAYyTn4VNcfGsfgvx,RBIP0NEFTSC,BBNK0000001,2024-03-26T11:09:39Z
1J4dJJVwCmUcpxQssbYnxLardHpL5HVwcS,RBIP0NEFTSC,CBNK0000001,2024-04-05T07:57:49Z
1MPdb7zVwnejK3qW6vjR14xLfSZDhTMNo7,RBIP0NEFTSC,CBNK0000001,2024-07-20T04:40:03Z
1EknYjH2Z4XVKYKtdgY3GZ5GvUg7VC6vek,RBIP0NEFTSC,BBNK0000001,2024-07-10T08:31:39Z
1Mkt59pmXgu2Vk8nth4yG3RFeebrdBcoW6,RBIP0NEFTSC,CBNK0000001,2024-04-29T02:06:28Z
1CHbi8Decn38z1UPiche6r9hRX2NTdBabn,RBIP0NEFTSC,BBNK0000001,2025-03-12T23:44:04Z
1BvYASJtoEgbfw73ygKLoVoruUZH9nyDab,RBIP0NEFTSC,BBNK0000001,2024-04-13T09:49:47Z
1NtH3t7JDiBnMSpFZTEBkbKM848nYwT7gD,RBIP0NEFTSC,BBNK0000001,2024-08-17T16:47:50Z
1E1oa8z7KCB9r2wbfM648wCgBUfHKC2MA7,RBIP0NEFTSC,CBNK0000001,2024-12-06T02:20:54Z
1F68eqmeETESdX4RL5w7b4sHuhxgb9JK5x,RBIP0NEFTSC,DBNK0000001,2025-01-31T13:13:33Z
1K5LDziBPuesTR7QkwV5HmfXtNTGoy8VGc,RBIP0NEFTSC,BBNK0000001,2024-11-21T11:04:35Z
1Cvj37QSsiC1MmkZC4yS34mmrgskDb2SPi,RBIP0NEFTSC,DBNK0000001,2024-06-09T04:29:28Z
19c8n1pSJ1dA7UPNta5UvmtZ6KM9RuBMhK,RBIP0NEFTSC,ABNK0000001,2025-03-13T01:30:30Z
1FXGt91s8yVB3Qu6SXRK6qxj8MQ3ZiPCRJ,RBIP0NEFTSC,BBNK0000001,2024-08-13T19:01:45Z
1NfADhnXA5rD4i7qGvHyQHfMtnQmapsAsh,RBIP0NEFTSC,ABNK0000001,2024-07-11T15:27:43Z
1QDA4gPPDqzSkie8DkNGUVrnr9SkNMWPBe,RBIP0NEFTSC,ABNK0000001,2024-12-18T10:16:15Z
1GiFy9pRhN2AWgpcJy8fJo5WWyZMZACZSD,RBIP0NEFTSC,CBNK0000001,2024-05-27T09:38:57Z
1Ps2DnaTnkja7DkgCJ9aSSTYGBDxHdjcW4,RBIP0NEFTSC,CBNK0000001,2024-12-26T19:28:14Z
1F7ydLj2ySPbCCoH9tNDGwKtiGshsjXRtq,RBIP0NEFTSC,BBNK0000001,2025-01-10T22:21:24Z
18Tf7977vRhRNEpaTE5LYTa4aFD45z3LcP,RBIP0NEFTSC,DBNK0000001,2025-03-12T10:24:11Z
1J7oPa76pYjuMcbonba6UboBVPJnzg6tFD,RBIP0NEFTSC,DBNK0000001,2024-04-20T23:38:15Z
1JSbXWgzTvSDfHRSvBgkMmACBqiz43FRjH,RBIP0NEFTSC,CBNK0000001,2024-12-24T16:47:04Z
1DUminS4ECurQ2JvZB15wSL9WC7oSWS8Xh,RBIP0NEFTSC,CBNK0000001,2024-03-27T06:53:31Z
19zD3ps3MD5YiZ1heVjVnFy6ZWJhdEoMGb,RBIP0NEFTSC,DBNK0000001,2024-03-21T21:53:45Z
1FYyDdNsxHLaCk6uC3khjP63T7eKANFJgh,RBIP0NEFTSC,ABNK0000001,2024-04-06T22:46:36Z
12t8J6S51JA4beG3LGfESF4B8Ys5APGk6n,RBIP0NEFTSC,BBNK0000001,2024-05-16T16:28:41Z
17eQVcMV6YGmYA5rmGnGfQbdVtToqzKKyp,RBIP0NEFTSC,BBNK0000001,2024-12-10T19:06:07Z
17EKfvGf4v2swg4LbRGv8swfDnJbGWPAG1,RBIP0NEFTSC,CBNK0000001,2024-07-07T22:06:38Z
1ELDywNNfqJZBJSAxqDBMoBJPA5QKdMPRM,RBIP0NEFTSC,CBNK0000001,2024-03-18T08:48:04Z
1N1ort9cmpLN8dYeA6CMMRgd4gG6yFUbDb,RBIP0NEFTSC,BBNK0000001,2024-05-16T23:23:07Z
1HBDQg7vtJMSA9acCd6iyFhHgFkvauinZQ,RBIP0NEFTSC,ABNK0000001,2024-07-30T03:04:31Z
1KyxdFVo5jRd25ABeQyhES8kT2Di5VBkFS,RBIP0NEFTSC,ABNK0000001,2024-05-08T22:33:27Z
1N62grwFUPYHGCeBvYFy2h7u6A5uMAEQvT,RBIP0NEFTSC,ABNK0000001,2024-07-19T01:49:27Z
1559Lu2Zr9JZJtU8MmTfHeCD6GPyXj1mvR,RBIP0NEFTSC,BBNK0000001,2024-08-18T02:56:51Z
1Lwq8ew7eBuCdmBfanmB2s8U4y7y5BQ37b,RBIP0NEFTSC,CBNK0000001,2024-03-26T17:32:01Z
1EQiqZkGSNCfs62V97bMf6EFQxDRfmLWoT,RBIP0NEFTSC,DBNK0000001,2024-11-23T23:15:06Z
1EAkahJNJawJoaj7C3YfP9VEsahA15jP2d,RBIP0NEFTSC,BBNK0000001,2024-08-08T06:01:24Z
16z98pfad3c6ctpukFBpUYLGXXMCWsgUcy,RBIP0NEFTSC,DBNK0000001,2024-04-08T21:00:21Z
1Ljn5Wr3AnsHjitQ7cqqodN4eSQG9Tv9aC,RBIP0NEFTSC,BBNK0000001,2024-11-23T17:57:34Z
1MZ6Bqdk798ssjR9dnDPZHBGf9iHudrs72,RBIP0NEFTSC,ABNK0000001,2024-10-05T19:02:24Z
14h7KnCMUq88cAGHqcvGSdLqKEQBkisvRu,RBIP0NEFTSC,DBNK0000001,2024-07-03T04:37:22Z
1LDdLwm1dLfz3uuQXwmPH6WzvtWc5pGoKc,RBIP0NEFTSC,BBNK0000001,2024-05-19T10:42:34Z
1GxsmmothaL4snXZYgPSmRw1qeV95XKLZz,RBIP0NEFTSC,CBNK0000001,2024-08-24T23:43:54Z
17z1JSjEBWLEd29zNayG9Mh9tGpVeqeTBq,RBIP0NEFTSC,DBNK0000001,2025-01-03T06:54:49Z
1HMUVtp9Wh1qQLGcn2xPg7GX9ScdvZo4MG,RBIP0NEFTSC,DBNK0000001,2024-11-27T04:07:05Z
177VuQnWWnHR5Hek8SQNDNiR2SJTExKrUL,RBIP0NEFTSC,BBNK0000001,2024-12-18T19:16:47Z
199WraTKydc79zPfBkdixWYYfDeGCC6U6q,RBIP0NEFTSC,CBNK0000001,2024-05-20T09:03:52Z
1FKuywcyedgrqWDTjEeJa7D4h8oHyybApn,RBIP0NEFTSC,ABNK0000001,2025-03-09T20:12:52Z
1C4L46fJLNCEYHa7CmkUEXAnCbui2FcBBM,RBIP0NEFTSC,CBNK0000001,2024-06-23T18:33:01Z
1EM3PH6m99unvo5Sgci6wtRGWs3fMYLHQN,RBIP0NEFTSC,BBNK0000001,2024-03-21T18:40:51Z
12G531RFrdfWuZeMCaqgySSeD7a7UCCnia,RBIP0NEFTSC,CBNK0000001,2024-12-21T04:08:11Z
1FxXCznP5S7YCFYXWM2riTr9bFAonsDVzg,RBIP0NEFTSC,ABNK0000001,2024-09-26T18:47:00Z
1M9XjKgUW2MEKFWmJkU8awTNaN2XB51Kyg,RBIP0NEFTSC,CBNK0000001,2024-06-18T15:53:40Z
151Dj4Rbex8qepBz9HuDAWunLLQNxQzemn,RBIP0NEFTSC,DBNK0000001,2024-11-17T18:44:32Z
1EYzD1xXU9xjPbC8uZtPZ3Q32GwjSkPvU,RBIP0NEFTSC,DBNK0000001,2024-04-18T17:04:22Z
1EsfGRSsqjNKUjn2rs4ffztjU626jaQ6ay,RBIP0NEFTSC,BBNK0000001,2024-07-25T22:32:22Z
194Z6AKFQ6Vmenv79Jk3HDjDpoSY1AfPpc,RBIP0NEFTSC,BBNK0000001,2024-04-07T06:12:50Z
1KvGNQgZM4eDJ6uBmp465XEmyPwniEidKf,RBIP0NEFTSC,DBNK0000001,2024-12-04T02:52:07Z
1CGuuMxxQN4DTZgAxVtB7wrnT6ZJPzH6Vg,RBIP0NEFTSC,DBNK0000001,2024-11-09T00:23:56Z
1J7RSW1dE47finXWxJ74sAYofiKgsxChaG,RBIP0NEFTSC,CBNK0000001,2024-10-04T00:17:53Z
1LoRWTYVJ68d2qUQsF8hKzcth5XVQXfE56,RBIP0NEFTSC,CBNK0000001,2024-07-22T16:39:40Z
1ELA6G12jjtL7xGpi5ErAPMk68TzGKddBT,RBIP0NEFTSC,DBNK0000001,2024-12-12T21:26:04Z
1EHxgV4ybZdABfS6wweGmVvaQDKWYdm1yG,RBIP0NEFTSC,DBNK0000001,2025-01-27T21:47:21Z
15LsehSgQLb6JRU1MycNcQn84QgFAWus8s,RBIP0NEFTSC,ABNK0000001,2025-01-27T18:25:49Z
1BYXMkvZBCLoekMjexXwakaD6hQY9kq9d5,RBIP0NEFTSC,ABNK0000001,2024-04-23T17:08:15Z
1ckJiWhacZmPHc5582CVZojgopCLV3qCH,RBIP0NEFTSC,DBNK0000001,2024-08-23T06:08:06Z
1LNdJuN1dzQDXRo79Y65TPQAbrtHPTyyJ2,RBIP0NEFTSC,CBNK0000001,2025-02-25T05:47:46Z
1K7J9gcjS6SNVXX5CW3XaZqnszNxY9KtvU,RBIP0NEFTSC,DBNK0000001,2024-10-27T04:14:27Z
1MoURpGnCuwYBtYCTXv1PcY7JFub1Wyqk1,RBIP0NEFTSC,CBNK0000001,2024-10-21T05:26:36Z
1ENyRL54FRJZsguDcCBgwSSLDvNyn4XXWq,RBIP0NEFTSC,DBNK0000001,2024-09-11T19:07:15Z
1FKYeR2tmNEShDU9C2b6vpKBVomvodnmrc,RBIP0NEFTSC,ABNK0000001,2025-02-09T03:04:22Z
1H5eN8j21rEb82WMsaJ4fH8jWvPo2Aq5Mq,RBIP0NEFTSC,ABNK0000001,2024-05-27T21:01:33Z
1ErMQSmqM8UVGF1cnz49aCEx4vph3kGbbx,RBIP0NEFTSC,CBNK0000001,2024-06-14T19:48:29Z
18CWvU4vbnbU81F1G6rjh4XJApM95wvQ2Y,RBIP0NEFTSC,DBNK0000001,2024-07-11T06:45:46Z
1AvAzCcHwvFyP3uFmVYG1hwznxK9fyDiQh,RBIP0NEFTSC,ABNK0000001,2024-04-18T00:45:04Z
1K44VAss8UULPb8NzHBZsn2JDiSerK8fjY,RBIP0NEFTSC,BBNK0000001,2025-02-06T09:31:00Z
1HDNthFZy6VtgKAXcpgv3QpAj7JazrpJtr,RBIP0NEFTSC,ABNK0000001,2025-01-03T20:58:50Z
15gmvceeckTiW8Ri9ZuJcxDY2a71VwfgbL,RBIP0NEFTSC,ABNK0000001,2024-08-11T02:52:29Z
18j8R1rbU1C3idfPao2Nwot4YZzBYGSqws,RBIP0NEFTSC,CBNK0000001,2024-09-26T07:05:04Z
1F6tXMNQ74jjvbTAsBTik9SuWZJjqfsPsU,RBIP0NEFTSC,ABNK0000001,2025-03-11T07:21:30Z
18HrhEDC6iQDQ32xZYYFoSCoMYjPdbDTgP,RBIP0NEFTSC,BBNK0000001,2024-05-30T13:19:50Z
157gJAQp2WPaE98s7y3e4hVx4DFqN52pyN,RBIP0NEFTSC,BBNK0000001,2024-10-09T22:54:38Z
18J9H85JqopvfomBY9kbX8npTCxKyJwJYA,RBIP0NEFTSC,DBNK0000001,2024-09-26T12:16:59Z
1QJTWof1AXP3w7m1Sn8vPymZzKo6NcS5bJ,RBIP0NEFTSC,DBNK0000001,2024-10-01T23:32:51Z
146RAX6NWdr2bWCLZt1bKrX4B3EYzMjKe3,RBIP0NEFTSC,CBNK0000001,2025-01-08T04:20:30Z
1MmP817CohrMvma9ZCNRVgNq6FJkHLGTgA,RBIP0NEFTSC,ABNK0000001,2024-09-15T13:33:59Z
1MSdnabQdoPcogsBLT5L4WbhJKgYGRFUN8,RBIP0NEFTSC,ABNK0000001,2024-06-26T09:50:04Z
1CTTL371vLYtKRHwyHEVpaxziJhJFk8dHy,RBIP0NEFTSC,ABNK0000001,2024-03-21T15:46:24Z
1HTzJPomt7p5U8KTXmcx3kN1vb5Kj5A6Yv,RBIP0NEFTSC,DBNK0000001,2024-03-21T11:06:09Z
1PrfYcHw3ZB4vSQ6p39ci6iqt6cLPvHKC8,RBIP0NEFTSC,DBNK0000001,2024-07-21T07:39:45Z
161CSotjKYZvv88GpWUmevyZ6MsCeSJQ47,RBIP0NEFTSC,DBNK0000001,2024-06-21T05:57:20Z
1EnU3Uk6mvmKPEPcmFAxsawQzncRCdzxUA,RBIP0NEFTSC,DBNK0000001,2024-10-14T17:56:37Z
15i9QNa6nZZYHGENuR7Ff4Ywq5AinjqkbS,RBIP0NEFTSC,CBNK0000001,2024-12-16T14:16:20Z
1DEJVwLePhjtJWdLZtK3AZvoXf3Ejj74ax,RBIP0NEFTSC,CBNK0000001,2024-11-18T03:16:03Z
146KgPRDGBZ5Gxs8ztGx9HobBtGma7qQy5,RBIP0NEFTSC,BBNK0000001,2025-01-15T06:17:20Z
1E3zF54Ha2m2vhn37CRzV5TtsZGzorHM93,RBIP0NEFTSC,DBNK0000001,2024-08-28T16:00:48Z
1KEBHmJA9QtV6tkw5m7NR5eqUFX5Grz2Jf,RBIP0NEFTSC,BBNK0000001,2024-11-30T03:24:15Z
1HH4KNetez9g2e9RHmcfMPJAB1y4BeekeK,RBIP0NEFTSC,CBNK0000001,2024-04-26T11:45:20Z
1A415iDG1WTefF6ngzqt9QJJ3Bb7JkuuXk,RBIP0NEFTSC,DBNK0000001,2024-10-29T20:47:18Z
1K8eQBd7CKC11PCZsHfVUGdpTFY7u4aRRG,RBIP0NEFTSC,CBNK0000001,2025-02-12T00:10:09Z
1333SF3fzddWpmZRarYaQ47SZvXUWFdfkm,RBIP0NEFTSC,CBNK0000001,2024-07-13T19:01:56Z
18kzGoZFAiy5P7sJpToVadwbZzWvMXRQTJ,RBIP0NEFTSC,CBNK0000001,2024-06-08T08:02:20Z
1Q3x9YcDAB4MmfKHRnkkT88rkoujSykHUL,RBIP0NEFTSC,BBNK0000001,2024-08-20T12:03:33Z
1HdYcvJuf3NhQz9Pc68LrS5LRz9x3ppim1,RBIP0NEFTSC,BBNK0000001,2024-04-18T19:59:11Z
18oEJDpoMfw1zBenTjqM1K7ZC1uEnYZoUq,RBIP0NEFTSC,ABNK0000001,2024-12-31T13:51:50Z
16rS5qV8naCMjKMbxpj6UudhTNFZ5Qzre3,RBIP0NEFTSC,CBNK0000001,2024-12-13T18:36:35Z
1726U64wVKaeFhdx3fnfAKACTB1WkCDxnn,RBIP0NEFTSC,CBNK0000001,2024-12-11T16:20:10Z
1PTU9Dk4L6eoZQnD6tKbCxwKLr18mm39CX,RBIP0NEFTSC,BBNK0000001,2024-09-29T22:52:36Z
1QACUCWizwmx2nfWkWLXGQezMa5UaEfRWC,RBIP0NEFTSC,ABNK0000001,2024-05-15T20:52:34Z
1Lyo1BRWGZwoqX9QdKKHHoYJGxrJvmG46a,RBIP0NEFTSC,BBNK0000001,2024-08-08T13:10:31Z
1MYVYGh2dG8BnrDLkfn4mbYeLTsxwnaiTe,RBIP0NEFTSC,CBNK0000001,2025-01-16T13:04:17Z
15Xfxjnm9MG8m6yxkygs8vKgJucsCeGDR4,RBIP0NEFTSC,CBNK0000001,2024-10-03T17:03:42Z
1HUaGx6G2RdTrXYB4ZUkVngxT9j68HsTnV,RBIP0NEFTSC,DBNK0000001,2024-06-07T08:29:07Z
1HSHVqKHwYrADjDoqm6BtNU5ei3FvpqnF5,RBIP0NEFTSC,DBNK0000001,2025-01-25T13:53:15Z
1HUZbakKcyVVjfWtrVY96XpjpFKTvABDT8,RBIP0NEFTSC,BBNK0000001,2024-06-12T04:08:16Z
1CtAqUqh64VqxxFPrymvTeyAheXx6SUdoP,RBIP0NEFTSC,BBNK0000001,2024-09-29T14:55:23Z
13zjz9MwLwSouBYEf1KskAtmXi7ruosp3A,RBIP0NEFTSC,BBNK0000001,2024-09-21T03:03:46Z
1EYEVfsGUqmGa6asPYh5uoMQKr1B2gNuKw,RBIP0NEFTSC,BBNK0000001,2024-12-12T11:12:06Z
19rVZLFZjr5veFGccWniN9DgCNaZGseA95,RBIP0NEFTSC,CBNK0000001,2024-04-01T14:48:26Z
18n6iS3LJf7ZLgY4sP93Td6ZyNQyemnVpi,RBIP0NEFTSC,ABNK0000001,2024-06-06T09:27:10Z
1FnnbY3brFuHMyjYpwadioyYYXgNenHuKW,RBIP0NEFTSC,DBNK0000001,2024-06-21T03:35:10Z
1LMzYhJWpYvG4ScjDHDM9hG1XCfneVvtLJ,RBIP0NEFTSC,BBNK0000001,2024-06-27T09:37:28Z
1A55Y9g8rUVrLfetzg7oP5XrkufMtjJ29s,RBIP0NEFTSC,BBNK0000001,2024-05-19T23:59:13Z
1FKto8VBApcqcEdSdqi5n7zJKNKpJKfSjn,RBIP0NEFTSC,ABNK0000001,2024-04-18T16:05:23Z
17hq889pMhn12ZxXwahJ3mgqrMYxR9rJBe,RBIP0NEFTSC,BBNK0000001,2024-04-16T17:16:10Z
1GNJqwj9q3CcmJzvz6iF1UtNPHsNbAjzJy,RBIP0NEFTSC,ABNK0000001,2024-10-09T03:54:59Z
1QCc3a5JhbgoHjGyni9v5SmEznYYoNT1FD,RBIP0NEFTSC,DBNK0000001,2025-01-15T14:58:41Z
1QBfQ3Yropcx8xcxajFGvjVTeZt5Ko1Lc3,RBIP0NEFTSC,BBNK0000001,2024-05-26T09:53:45Z
18dLcyjFzkXauoWG28cVX2ZX6LLLYvv9oW,RBIP0NEFTSC,BBNK0000001,2024-07-31T06:09:26Z
1PzHvwEam1qh3u8qhuzYtDs7w9X1VyuZJ5,RBIP0NEFTSC,CBNK0000001,2024-07-17T21:34:16Z
1D6YfCLaH5pzQSVaw4Ldt4bokhBts2H7xa,RBIP0NEFTSC,ABNK0000001,2024-05-22T01:24:53Z
1EB9EW4nGNTocfSrf4zFgfETYAitXheSHb,RBIP0NEFTSC,BBNK0000001,2024-06-04T06:54:02Z
1M5LGk9ChR4KDW9MU4TaAE5S8fWYnCywFN,RBIP0NEFTSC,CBNK0000001,2024-04-10T04:01:50Z
1DEevWKGXz4GE8jviNFeWvUAHC68KGgaaQ,RBIP0NEFTSC,CBNK0000001,2025-03-08T15:55:22Z
1Mj5h1hqVm69ezw7JReZBLNtPgwhcYsqgk,RBIP0NEFTSC,BBNK0000001,2024-06-12T10:17:27Z
1PwoF2qiRLBZjfsuUVPwBs8jXwDmaNvi9R,RBIP0NEFTSC,ABNK0000001,2024-04-20T21:06:52Z
1Bm4oL6bAhNANCWUweaXWU8K5LE7B6Twpr,RBIP0NEFTSC,BBNK0000001,2024-06-26T10:20:34Z
1FwU4m52WppZt7DManuG81H5FAqaQ5Azqz,RBIP0NEFTSC,BBNK0000001,2024-07-05T12:13:36Z
17p6nhFgz1MjDFpTyfh8yqsaJn8YDR5DQD,RBIP0NEFTSC,BBNK0000001,2024-12-22T16:20:33Z
1KmcHHVv7QbCgJARAcfooCwpAZU75Bxbi5,RBIP0NEFTSC,DBNK0000001,2024-08-24T14:47:24Z
1GnFHAgE8kR7V6633fRwAtQuYYHtEn2tT1,RBIP0NEFTSC,BBNK0000001,2024-04-26T16:15:48Z
1M2E7wzjBDmpXM1GHVE6sKb8QTgvdFAMni,RBIP0NEFTSC,DBNK0000001,2024-10-27T15:44:26Z
19Zwu27XhN5qQGXUUg9Yy8xqBsuc7m5Q4N,RBIP0NEFTSC,ABNK0000001,2024-04-28T02:31:40Z
1Bgr9qi96NmVrM3ZXaWGGCmgwxjaxZkYjd,RBIP0NEFTSC,ABNK0000001,2024-11-13T17:23:05Z
1GJj189xRkYEvfbP556vyPrm2gjSur1Vzs,RBIP0NEFTSC,DBNK0000001,2024-06-28T00:56:52Z
18ZcTRv5o2vBKVZUWFTiwaRs9PWwPRhofK,RBIP0NEFTSC,ABNK0000001,2025-02-14T12:18:21Z
1Fhf6rgU4N93BzaSVuuwAbe6eajNJS74ge,RBIP0NEFTSC,CBNK0000001,2024-09-08T21:07:52Z
18kgNizY9kcVY5heNG5ViyTq1GRobW2bK9,RBIP0NEFTSC,BBNK0000001,2024-11-29T12:07:43Z
1DsAKwzmqVTy8SD2dXRbYP76wi19iRifdm,RBIP0NEFTSC,CBNK0000001,2024-11-04T09:18:14Z
1HyBpfSjruEh3Lw6n843WA6xRcnm4NCxMb,RBIP0NEFTSC,BBNK0000001,2024-08-25T15:33:19Z
18PwjZbRD6xpekaPRihyqYXVPouvW7SXd1,RBIP0NEFTSC,ABNK0000001,2024-04-09T18:25:25Z
18WxdCLWgKNUzWC6NmEQnRHgnq8aXAdckw,RBIP0NEFTSC,ABNK0000001,2024-10-30T02:07:39Z
1AUdPgfMwPRBSoNFZ18mvbHTBQ6oTwvdK9,RBIP0NEFTSC,CBNK0000001,2024-03-25T10:23:58Z
1P4zamf6CMwW7p1irmq5tsTwFYmTa4iPF8,RBIP0NEFTSC,BBNK0000001,2024-12-13T09:42:17Z
1M4tnR6TCLSFbcDVqGtgyPUfnT3ZFWCAin,RBIP0NEFTSC,DBNK0000001,2024-04-13T11:49:33Z
189peG1TAWaEwm9bFGMeEE7pFnWxtaw8jC,RBIP0NEFTSC,BBNK0000001,2024-11-02T04:53:26Z
1Ep29M6Bspm8mcxY26qMCoAi1RMrQi7AkD,RBIP0NEFTSC,BBNK0000001,2025-02-05T05:31:17Z
1BYRJ3zA5WG3i6QjyTr3CHbPec2ZR6iXP8,RBIP0NEFTSC,DBNK0000001,2024-07-02T15:20:38Z
1BKnXTDH95w4CSD3w4ntitYVXkYaN4vQCv,RBIP0NEFTSC,CBNK0000001,2024-10-15T01:08:50Z
1Mh1gxWYg1JUEMrgUJeBJcHpHwQNryc8dv,RBIP0NEFTSC,ABNK0000001,2024-04-21T15:23:30Z
1EPPZuHPSMcTAz7aY1DSyVWH1DE6ph5Dcc,RBIP0NEFTSC,ABNK0000001,2024-10-31T08:19:52Z
1DW9BRszSmTU5ZKBE1gcYnYvrRDYEmaHd6,RBIP0NEFTSC,BBNK0000001,2024-08-09T06:01:32Z
1KuZGUjBqsiqaJgNhAavUNX4M7HH1zNCx1,RBIP0NEFTSC,CBNK0000001,2024-07-13T10:45:47Z
1Dqgq5qayNiMr6kCZFz54mXMk8vwr96f7g,RBIP0NEFTSC,BBNK0000001,2024-04-30T17:05:40Z
1EvFAN2p23VQEdqyS2HAkCMwJJUBcCrxPY,RBIP0NEFTSC,CBNK0000001,2024-04-05T18:13:04Z
1GQzomk7dckfxRb9zeX6rHg66PPuvezPHB,RBIP0NEFTSC,DBNK0000001,2024-08-09T09:30:04Z
1NxgAvuAmbP19bbE5csSWaS7k7iyqBirQP,RBIP0NEFTSC,CBNK0000001,2025-03-05T15:07:54Z
1DdguNU3kGoseVB3jTPh2Cte1NsazrdiFd,RBIP0NEFTSC,CBNK0000001,2025-02-26T05:10:15Z
1GrJyvV5CSEArt9MQTbHyYSanYDY7a6qVb,RBIP0NEFTSC,DBNK0000001,2024-08-18T19:55:14Z
1jKJioVX4iu4EqGK3SGdD41DfZx4WEHNu,RBIP0NEFTSC,ABNK0000001,2024-10-28T19:28:34Z
13HvULiGM4YGKQ3sh5geW3HdtNgn9ZQvfo,RBIP0NEFTSC,ABNK0000001,2024-05-19T10:33:31Z
18Yz2AJfAdhVKf3kngRLnF6e7N6hVuTubM,RBIP0NEFTSC,DBNK0000001,2024-10-15T01:12:42Z
1D3dYaQsuL77RdUVTzJdKDyaLr7xTP7sqq,RBIP0NEFTSC,ABNK0000001,2024-06-21T19:56:52Z
1KNkYYxBugFk4nnjpPoZhWtrufZ2RtiEyp,RBIP0NEFTSC,DBNK0000001,2024-06-22T22:13:38Z
1Fmn1BoZtALwW4EpfRWbCKfzguhAg1RVAa,RBIP0NEFTSC,BBNK0000001,2025-01-13T17:36:02Z
1B4wKnGsfUevkJRxbVo2fkEibaUh55zvdj,RBIP0NEFTSC,BBNK0000001,2024-05-26T13:43:54Z
1LiawBRWnHHYS96edzzo7db4P2i76yDZfd,RBIP0NEFTSC,ABNK0000001,2024-04-20T05:04:53Z
1B2LxX5NR8TaTRxcTwKfwkD7t4m7XbUWXN,RBIP0NEFTSC,CBNK0000001,2024-12-05T12:26:59Z
15qU9iJDMb4JsYbEioBLaFCRyFzi8AVRyW,RBIP0NEFTSC,DBNK0000001,2025-03-13T11:14:53Z
1frLVaZMCH1VpVQY9pqmXNDTNu3CNptGX,RBIP0NEFTSC,ABNK0000001,2024-08-03T23:46:49Z
1AQfnYuEWCENk7cKdAfAgdL8PaAREJmKVb,RBIP0NEFTSC,DBNK0000001,2024-07-27T03:54:05Z
12CeERarWHaQWJKJGvzra2K87NFqGNS24Z,RBIP0NEFTSC,ABNK0000001,2024-11-29T14:34:43Z
1CUyfB9BX9NMmYvGrXziTnxAF5UZXPzV7g,RBIP0NEFTSC,DBNK0000001,2024-12-21T23:41:29Z
1MfyCBUNdWrwVnDV2PdC3Z4rfXujs2oZhe,RBIP0NEFTSC,BBNK0000001,2024-07-28T03:49:26Z
1HCwA6aQ3z25QS9qYbSYagjVYaoNwohK9Q,RBIP0NEFTSC,BBNK0000001,2024-09-09T20:19:02Z
1Aaeyn7LPm7ff2TcZ6z3unmyWz1xbnNq7B,RBIP0NEFTSC,DBNK0000001,2024-04-28T10:03:22Z
12W8CiTAmQCvoyXBLvPshE5B7uiUnFi27j,RBIP0NEFTSC,DBNK0000001,2024-04-16T21:41:26Z
1PUU8dYocm2GRKs5DbA74nxTsFrf8yCi9U,RBIP0NEFTSC,BBNK0000001,2024-12-24T02:56:00Z
1NysgZuJtfknTouTP1bFppXwdqQPseUrmZ,RBIP0NEFTSC,CBNK0000001,2024-08-16T03:24:19Z
1FVLRVeVHqCR9jtnjNfJmBo5EwjFYFLqjF,RBIP0NEFTSC,DBNK0000001,2024-11-09T07:47:46Z
12Rs9daX3xNaQuHmbtN48QxKA37SksNMpK,RBIP0NEFTSC,DBNK0000001,2025-01-14T14:39:54Z
12uHvRgumqndEv5P9WEWJveSS4KW1hpB1p,RBIP0NEFTSC,CBNK0000001,2024-12-11T10:58:46Z
1GXR68zQZjBh9zZZAE5zeqm1xbP9pxYTo7,RBIP0NEFTSC,ABNK0000001,2024-10-18T05:31:33Z
1AvJa3YSVUWqs6WsqzpYtPkC4nZ7RHeRAn,RBIP0NEFTSC,DBNK0000001,2024-04-28T22:12:04Z
155SqfSmM83DZEfah2ebmyicsHohrByE9c,RBIP0NEFTSC,ABNK0000001,2024-06-20T15:04:02Z
1Nv8goi6Wj9NQwPMnkeE39wDwpqjGgkcas,RBIP0NEFTSC,ABNK0000001,2024-10-24T23:52:01Z
15XDLNotjeMUqoPj2CLYzRJk7FEWto3TEU,RBIP0NEFTSC,CBNK0000001,2024-10-13T01:47:05Z
1EjT5p7xFa1xqo5GsY1AgozHCyvQAnUREx,RBIP0NEFTSC,ABNK0000001,2024-05-05T07:36:41Z
1Mgz9S75jagXJwhoMaign6iM6zjvu4MFw,RBIP0NEFTSC,ABNK0000001,2024-10-01T21:24:30Z
1J3smMATFqgkhCoxxx53bhz7ecDCWrQu8D,RBIP0NEFTSC,BBNK0000001,2024-04-05T00:39:29Z
18QHowP3GzqaNvgNGSUYYoQauTMYhF7j1E,RBIP0NEFTSC,DBNK0000001,2024-06-29T07:36:10Z
1KE71Pj8fL6FMhmmwpE18e4pWQafXj5wdq,RBIP0NEFTSC,ABNK0000001,2024-12-14T11:27:28Z
1JXMgswEZNm9gKkGGpK5wJB7GeRe2kVQBc,RBIP0NEFTSC,ABNK0000001,2024-03-25T08:30:59Z
1MGsxCm136S6UGwu3gTJwqMNsak9FeFAU5,RBIP0NEFTSC,DBNK0000001,2024-12-05T12:38:07Z
19TfafevA3Er3o3BbU1AUcFbKjB7arkvB4,RBIP0NEFTSC,BBNK0000001,2024-05-06T06:49:55Z
17ZLUPLNfPDpDmtwsBK1dBM4VmfZrVHKHC,RBIP0NEFTSC,DBNK0000001,2024-04-17T00:01:31Z
1E7G1jvpTcWssNZ2NnUzbPp4RzjTiLsg1n,RBIP0NEFTSC,BBNK0000001,2024-12-24T16:28:20Z
1L8fpRiXkJM6Qh4kqJMxVxwgx6Vsdfmgiu,RBIP0NEFTSC,ABNK0000001,2024-08-11T20:25:01Z
19QhykrYSYq8mDUHEHbSzdj1umcUpRaizc,RBIP0NEFTSC,ABNK0000001,2024-12-24T13:19:39Z
1Gm3r2BGg7PJGDkBY3gju9LJ2iXJ2UiEqU,RBIP0NEFTSC,BBNK0000001,2024-09-22T18:14:21Z
1ExzeUo1wCvd3bD7HmhG6rPhDvNEDCCXcA,RBIP0NEFTSC,ABNK0000001,2025-03-04T10:54:19Z
1LMUn7zSAr1FDevEdCSVg2fPx9rrQySCEz,RBIP0NEFTSC,ABNK0000001,2024-03-16T21:47:41Z
1FjwWzUV8g7Zv7Qd3xHzEKAcemvySB55zq,RBIP0NEFTSC,BBNK0000001,2024-07-12T23:38:12Z
15mNzkbkuSnF57UHRJPi77bGBgpoCr5Jrh,RBIP0NEFTSC,CBNK0000001,2024-08-25T17:46:09Z
1JzoM3wPAfPXYkpJ9xo9DqDncN21W7X68N,RBIP0NEFTSC,DBNK0000001,2025-02-27T20:25:25Z
1DS36p6Df1Mp4Lv3memPZnCmipf5dvF9A5,RBIP0NEFTSC,BBNK0000001,2024-04-18T00:41:46Z
1AUoR8hQhzPDis5ehvamgnghzwf27cFohm,RBIP0NEFTSC,ABNK0000001,2025-01-17T13:58:26Z
1FmEk7P49LT9sYHyP5eX6BzV5Jyrxn4gk,RBIP0NEFTSC,ABNK0000001,2024-04-08T09:56:27Z
17cCqtXBg975G3TH8qfPfuH1HhNii8nZqv,RBIP0NEFTSC,BBNK0000001,2024-11-23T13:11:38Z
1F75AVw81c9pMjDq2E6okaEXGZaTTZwnZ,RBIP0NEFTSC,BBNK0000001,2024-12-25T07:59:00Z
1Nujn4pGE1hsfj3LmTbes8eX6wjnpZ1i9H,RBIP0NEFTSC,ABNK0000001,2025-02-13T21:46:57Z
13XSrhHMiSG6RzV3jEgpYkkWaXt37MMUkm,RBIP0NEFTSC,BBNK0000001,2024-06-01T01:34:52Z
1JWuHL5u48GeTGbS6jtyqSMfpbyHsbdhHz,RBIP0NEFTSC,BBNK0000001,2024-06-14T16:20:55Z
1C2qrZFJTBzar8PW3z3MYqGJKgLoAzVgA8,RBIP0NEFTSC,ABNK0000001,2024-11-13T02:58:39Z
16wHRhSVCSr4wRP8UVgzh5mxndvD1NmZgB,RBIP0NEFTSC,DBNK0000001,2024-05-14T12:43:08Z
1CUacZYsJeZ2zY9ixkLEfhTKo6qsd99kHE,RBIP0NEFTSC,DBNK0000001,2025-01-20T07:30:40Z
1NuCSLXCvVqRak6ZVvMVQKvtTnMZ4NcS87,RBIP0NEFTSC,ABNK0000001,2024-10-07T10:36:13Z
1B6CY4x51cmpF7C3Svy5VhAmF4nUpGzZBB,RBIP0NEFTSC,DBNK0000001,2024-05-27T19:58:59Z
1UrHf2LWbzPnwCeT7miSzrMEaUvBoKahy,RBIP0NEFTSC,CBNK0000001,2025-02-17T00:21:30Z
1MnEaoGzVbxyJ56oSjKDnbmFfJGyWzaWRp,RBIP0NEFTSC,DBNK0000001,2024-04-05T14:18:33Z
1CMS6VXB4ZHK8JAbpTBndFWt9gv1ahzLXv,RBIP0NEFTSC,BBNK0000001,2025-03-02T02:54:52Z
1Pe5eZ82cNgAkmfJhn8YNnevY2uSMhfCcX,RBIP0NEFTSC,DBNK0000001,2024-03-30T01:35:17Z
1NH4oS6PLsUaErzrGhYZR5hac5xMCVtvqd,RBIP0NEFTSC,DBNK0000001,2024-07-29T05:45:22Z
1FFCTo8qd3BjW5Z7eNUng45WFc23Kd8bQ1,RBIP0NEFTSC,BBNK0000001,2024-04-25T15:13:19Z
12cXjhRDCpBUg1AwSkc6kS2MhSMYP28rn5,RBIP0NEFTSC,BBNK0000001,2024-04-16T08:02:50Z
1LowKC4E7N2WNWf8chUJS2HJusBQKVTVe3,RBIP0NEFTSC,DBNK0000001,2024-04-05T12:07:52Z
16u3Qm2TNksvo841R24Z6kqGejASzvhgz2,RBIP0NEFTSC,BBNK0000001,2025-01-16T23:15:25Z
1Beosmarx9gKEUtJymLzkPTWEncxv7MpwR,RBIP0NEFTSC,ABNK0000001,2024-03-21T07:02:40Z
1DiPoWPBZn7en4FeD7VFCEGTtd1oa4SB4y,RBIP0NEFTSC,ABNK0000001,2024-06-11T11:12:21Z
14vjNDtk1dQVkQFFfDH7Ei1Tv8mVmnjZhV,RBIP0NEFTSC,BBNK0000001,2024-06-09T14:01:47Z
165aLkjnZJdZ2j39PWBVJyWoU1N3QdzjyZ,RBIP0NEFTSC,ABNK0000001,2024-06-17T00:27:08Z
1iTG8XXtgLb4s5Vy4FJ3AYffhZzUugQXK,RBIP0NEFTSC,DBNK0000001,2025-01-24T02:14:21Z
12yHsTnTcoHZawxr49QEPBiKGAoJKEDiei,RBIP0NEFTSC,ABNK0000001,2025-02-18T17:18:27Z
13Laop9kDh3bTkhmDX6TcBEgaViTavCMXn,RBIP0NEFTSC,BBNK0000001,2024-04-28T05:56:59Z
1LcfDcZZ7e3L7gq1RX1QaEAWaG4u1oKqsW,RBIP0NEFTSC,BBNK0000001,2024-08-08T11:53:04Z
1AQVmkmus3nSkMBtPdLjBDNaBN1e5ELuLB,RBIP0NEFTSC,CBNK0000001,2024-04-12T10:09:54Z
114wy5beMSLV269Ytw2UYKsqu4Y9BqrYtj,RBIP0NEFTSC,ABNK0000001,2024-08-30T22:24:08Z
1J8aJBhdSC5mNTmqSfFKUuDQeWbtwjAeHf,RBIP0NEFTSC,CBNK0000001,2024-03-23T01:07:47Z
17WTX18fEYiRP6Ef8dfU97aRrYw4bZySCB,RBIP0NEFTSC,ABNK0000001,2024-11-29T16:18:11Z
1GeZM1CAcQszrGgsLnvRZHuLeGe6K2znTX,RBIP0NEFTSC,ABNK0000001,2024-12-24T06:35:43Z
1LZobyji898SgjEC1a6Yto4u5WrHPg8Scp,RBIP0NEFTSC,CBNK0000001,2024-08-14T22:27:31Z
12rcuUNiGEPsUDKLTLA6GcQMVLUu9gMdxg,RBIP0NEFTSC,DBNK0000001,2024-08-04T12:32:11Z
12MLd1ZXwGsLGnHYtW3QaHspQcYPJeNUV6,RBIP0NEFTSC,DBNK0000001,2024-07-09T03:48:41Z
1E3yztBneEkrEAkaAftRy67VaW6HwZPpar,RBIP0NEFTSC,CBNK0000001,2024-10-20T16:10:04Z
1JReYhdAEds6ShaokaZF8tHMezzEsfxYgw,RBIP0NEFTSC,ABNK0000001,2024-09-19T05:05:33Z
16CxB1fqq9AST41jHHFgojPNkh2avx5GB3,RBIP0NEFTSC,CBNK0000001,2024-08-22T20:05:41Z
1HVuz6s1seaaoe6gASrzgbCAnvuniHjzKo,RBIP0NEFTSC,CBNK0000001,2024-10-18T06:08:12Z
1HUBTUmerdV5hxjc5v1Pwtw5acxbR6bWE9,RBIP0NEFTSC,DBNK0000001,2024-12-20T23:27:02Z
1DiCeopy8bLqTrFBTf79ceZiKEnPYpftMF,RBIP0NEFTSC,BBNK0000001,2024-10-01T05:34:25Z
12THgeoHHGQm4vSuf7ps6oeYshaDNqvoVy,RBIP0NEFTSC,DBNK0000001,2024-09-06T08:37:30Z
1LuF61X9vzLgimJPPnr72kwbMbeKR9ULNN,RBIP0NEFTSC,BBNK0000001,2024-09-02T06:34:20Z
1LLMYjgxqnfc3DzxNpm6SGhSRKpr6hspaP,RBIP0NEFTSC,DBNK0000001,2024-12-12T00:32:11Z
1HA1v1mUZ7B8g2iHDK2t1C4e5SHXmwEApP,RBIP0NEFTSC,BBNK0000001,2024-08-08T20:08:33Z
1ozn4YpJhGv5i9dpAvbHmBHfBh2JQU3D3,RBIP0NEFTSC,BBNK0000001,2024-10-24T14:24:41Z
13wxC4EaSBnei8sbCMavmiB9XTFc6igL1j,RBIP0NEFTSC,DBNK0000001,2024-09-12T17:20:03Z
12BjBm3tfyAsszKnajrpdDWjypwUvZ5cn4,RBIP0NEFTSC,DBNK0000001,2024-09-14T17:42:00Z
1Ezj5fMN1JJbGtcw836WNZKmDbEfpbrJDq,RBIP0NEFTSC,DBNK0000001,2024-09-22T11:04:58Z
1MSqtHmavGHLEJphib9BHKL6UFqgFmJ6XF,RBIP0NEFTSC,BBNK0000001,2024-10-04T21:06:25Z
1AW8sikfSsKbmviMGyNbxjHpfjW9jH6FLK,RBIP0NEFTSC,BBNK0000001,2024-08-22T01:30:59Z
1drT5XXzqKC8RZNe1GMyQsYTiVjSqy62h,RBIP0NEFTSC,DBNK0000001,2024-09-16T00:38:32Z
15cy1odHhVDMZJwX3HcWpVEx9JqUopLMjz,RBIP0NEFTSC,ABNK0000001,2024-04-06T21:27:59Z
1BYRnpC787qA8qbqySAga3Hhh9MP9czwYs,RBIP0NEFTSC,ABNK0000001,2024-12-28T11:39:28Z
1NgwJQyrpj7q5dhPJzNAN38VuXCGwjTY8G,RBIP0NEFTSC,DBNK0000001,2024-06-18T11:55:53Z
14fPPUN626pwBwH3Z4VFKYRxkmGsHssmto,RBIP0NEFTSC,CBNK0000001,2024-05-12T04:17:23Z
14AitBnPydLJajR1YsohQDetB9vv2Fn7gn,RBIP0NEFTSC,BBNK0000001,2024-06-18T07:11:33Z
1JQ3EM5TMVFCX6K9bUXYpSiTdAkTMSkLiL,RBIP0NEFTSC,DBNK0000001,2024-06-23T20:54:10Z
1Q3aV2i6HWhCXPJcMQ96uHMDvXGTSjy5Hb,RBIP0NEFTSC,DBNK0000001,2024-05-24T12:34:29Z
15M87jUyMCGYd1DBiApo6oqGKLpd2Kor57,RBIP0NEFTSC,CBNK0000001,2024-11-01T03:32:32Z
1RkYD9PEYTKoxzUTPwDwppFPiGKTrhaEv,RBIP0NEFTSC,ABNK0000001,2024-04-22T03:09:04Z
1NyrPVvyCREA9RBrbp9zUZsrui1vuqu2Q4,RBIP0NEFTSC,CBNK0000001,2024-12-22T14:24:16Z
18oRKaFa1u5mzVKDoM8C46g6qBEzKZtQBB,RBIP0NEFTSC,CBNK0000001,2024-11-02T14:24:55Z
15ENNe2btwDoQB2RrdaZHDdvAACspPkMUV,RBIP0NEFTSC,BBNK0000001,2024-05-26T13:18:15Z
1Pyx7aUU5BoHsyXBaQ9m982BmLuTdxVRQQ,RBIP0NEFTSC,DBNK0000001,2024-04-16T22:42:32Z
1M1HMY84xVyrxjaqmpnokjwrCJT7f2idzi,RBIP0NEFTSC,ABNK0000001,2025-02-14T19:42:13Z
1N8Y9W7iQV4uxfXEVnQnTGHxiuN1Z9dwTC,RBIP0NEFTSC,DBNK0000001,2024-10-10T00:53:55Z
18fRGgtdhvHZGcD6iEngW4o8Rsf9cpd5gD,RBIP0NEFTSC,ABNK0000001,2024-05-18T13:14:04Z
12kM3eXS4vYyo8VeVcdeHy2fEt2vc7QV3N,RBIP0NEFTSC,ABNK0000001,2025-02-07T08:41:11Z
132U8NjAB3vkLhp3esaJ5iANrLqNySH67n,RBIP0NEFTSC,ABNK0000001,2025-03-03T05:41:15Z
198HqxudLR8KioDYzzkaEfqat1rR7izS3M,RBIP0NEFTSC,CBNK0000001,2024-04-08T08:42:53Z
15tmoLFXoXN853Qg6tTPTCKj3k5RuLYgn7,RBIP0NEFTSC,ABNK0000001,2024-12-01T23:16:42Z
1PhuK11uCwfFhKbyrjfH1WWv6RD2HVnDpo,RBIP0NEFTSC,DBNK0000001,2024-04-27T12:19:59Z
1HyMRU5m5GaMrT75VpCnSvD935VdEnWNnV,RBIP0NEFTSC,DBNK0000001,2024-12-26T18:17:54Z
15jQBrT6GeaXyLwqwqCn5AgWuuA8LCYG4k,RBIP0NEFTSC,ABNK0000001,2024-12-10T14:14:59Z
1NaSbEcqhs9j81p1JnenK32aUiSKDPse4a,RBIP0NEFTSC,DBNK0000001,2024-06-02T10:55:35Z
1BdxftN3HCC5Y7KB1XnLmxTp6CvBf4uKJZ,RBIP0NEFTSC,CBNK0000001,2024-12-03T10:16:49Z
194RE4difLctnzkFWQHfv5o3iYZAVFvnjr,RBIP0NEFTSC,BBNK0000001,2024-12-28T23:15:47Z
1mdEkn6CNZ98RabTcwpsNxFw4tGCx7yD9,RBIP0NEFTSC,BBNK0000001,2024-05-31T03:59:52Z
1NTAtSRyiS6nzcoK9syzG1nyTbqWqSiZNV,RBIP0NEFTSC,DBNK0000001,2025-01-16T12:55:38Z
16MsKfXt2hUSVmhK7p6mwZ5FuqS7NEvCiF,RBIP0NEFTSC,DBNK0000001,2024-08-28T16:07:20Z
1AaggqHL3cAvoEkZip1xpKVw9VLAaAZGGT,RBIP0NEFTSC,ABNK0000001,2025-02-28T10:02:36Z
18V557q4jQM5ymo5BjuULfm5bBYpCMdrBH,RBIP0NEFTSC,ABNK0000001,2024-05-11T18:42:57Z
16QzwP7k63DpaMx6dGBZ1HHTt91nBMtpC4,RBIP0NEFTSC,DBNK0000001,2024-06-25T01:50:25Z
14MYHqg9TzsC3GDzrcL98HsMJse2jjBQHZ,RBIP0NEFTSC,ABNK0000001,2024-09-09T10:02:00Z
1AUBUDY4EcbW9Fn3TiA2mviptKx4yrPAPL,RBIP0NEFTSC,DBNK0000001,2024-12-13T22:36:39Z
1QGr2t8aRqG5BVuuBAcxCjKL3hmrns8ppf,RBIP0NEFTSC,CBNK0000001,2024-11-20T12:26:32Z
1PxtQXV6Lgr2ng5UicUwi5d7nJhijXjtHg,RBIP0NEFTSC,BBNK0000001,2024-06-08T20:21:41Z
12zzd71VreMq1Re8726UuJhc3H6zFJSuik,RBIP0NEFTSC,BBNK0000001,2024-03-22T17:30:56Z
1FYunSpJwYr8nXX3SQcJmx6993XX8CSPJ9,RBIP0NEFTSC,CBNK0000001,2024-04-16T10:07:30Z
19MCb8GaXrfjTzYcHKeABA8cgE86soswLo,RBIP0NEFTSC,ABNK0000001,2024-08-06T06:31:59Z
1MKLh5dvCTXUNNUxQkGq6HyReY6p4Vzrym,RBIP0NEFTSC,BBNK0000001,2024-07-09T19:11:34Z
1JUxdayY46ssRkT6hS8BuFbQgv5WSXo64E,RBIP0NEFTSC,CBNK0000001,2024-04-12T02:46:08Z
1GXY9CqhBYcFhDxZ9cx6xbkDZ1C3diqU1d,RBIP0NEFTSC,ABNK0000001,2025-03-08T16:25:24Z
1HRDpatU95fTr9yju6a9njTCyWX2G9imNp,RBIP0NEFTSC,CBNK0000001,2024-06-18T08:21:29Z
127zNgHrTHgAuq77vzX75rHFhFyK5dckVW,RBIP0NEFTSC,CBNK0000001,2024-03-20T20:16:52Z
1AhVSEG8EYXQ9D9j7DhciuMGMmTfaAHgWz,RBIP0NEFTSC,BBNK0000001,2024-05-23T08:57:59Z
16ptgX8JEvc61s7bg2jPaPEyUnEehbjvkj,RBIP0NEFTSC,BBNK0000001,2024-07-28T16:22:28Z
12Am5d1PN17mLS5L9aLHq97bwkQp3ssRdJ,RBIP0NEFTSC,CBNK0000001,2024-11-23T04:16:35Z
133Gza8KftwK7tNnkc29RGthDLfyk41nAL,RBIP0NEFTSC,CBNK0000001,2024-04-02T00:13:36Z
1ExMJ1bgNgqJRUc5162qevu3zEofKreM6Y,RBIP0NEFTSC,CBNK0000001,2024-03-23T09:18:46Z
1P6HudGbb6pmNrEVoQTMHjDCgVSASwmCuc,RBIP0NEFTSC,DBNK0000001,2024-10-31T06:48:36Z
12BCVsUTWNfsYEknxAL9BdiiDHkU8DHuV8,RBIP0NEFTSC,DBNK0000001,2024-05-21T14:54:55Z
12VgKpzd4rz5Sfd6VtidDFYS9m4RzqLVeW,RBIP0NEFTSC,DBNK0000001,2025-01-27T22:16:05Z
1QS76k4THjM7kvfH1x3yBRNXc4SwHUL4f,RBIP0NEFTSC,BBNK0000001,2024-05-12T02:32:11Z
1AUiefur1vN56ZrzPTmUNj8Wjs1DwMKC7E,RBIP0NEFTSC,DBNK0000001,2024-11-28T13:16:04Z
15NVLywRALab7p1XY8WSma3c8zFrzhGcEV,RBIP0NEFTSC,BBNK0000001,2024-07-24T21:49:23Z
143keSpYCskm3EiJn4Db2rzofvgoY8WhcL,RBIP0NEFTSC,CBNK0000001,2024-09-01T11:23:51Z
1EMyNPWxyikjFdRWvYpTjphaQ3F5JdcHBL,RBIP0NEFTSC,CBNK0000001,2024-09-23T21:54:53Z
1E9JRmkz6gKLxPQAgsuSNnEpX7jUbWtvft,RBIP0NEFTSC,DBNK0000001,2024-04-07T03:00:35Z
16foNJ1bHkNWFgQMjvWWRrZ7Xa35HwCoqp,RBIP0NEFTSC,CBNK0000001,2025-02-09T14:08:00Z
1M3P7CyxmhEjC6MHdcycy34v8baR5jCmsi,RBIP0NEFTSC,BBNK0000001,2024-04-16T10:32:45Z
1BzDhk5fTo935D5vVUwYz6HsPre5fBoFYP,RBIP0NEFTSC,BBNK0000001,2024-05-30T13:58:05Z
1ADdAG7rCrKbsvSw7VKkLmTcdhnARmkLWA,RBIP0NEFTSC,BBNK0000001,2025-01-13T09:51:38Z
1P2iqZDKhemZP5QmmUzHDMtJUEYV8aieoQ,RBIP0NEFTSC,BBNK0000001,2024-11-19T15:27:06Z
18qbA9vjngSKJHhg1KCDWwu1bhHQnKf6zn,RBIP0NEFTSC,BBNK0000001,2024-11-05T07:38:10Z
1ig14pitrJagkCFPYxaVLD1NwhvXUkj2G,RBIP0NEFTSC,BBNK0000001,2024-09-03T20:33:40Z
1EW888haRcMDBNgNPdH1EiS2QysFvbY1cc,RBIP0NEFTSC,BBNK0000001,2024-11-28T06:33:27Z
1LRpqu4adQb4fZd5qwsry6MQcZvAyH7fgQ,RBIP0NEFTSC,DBNK0000001,2024-11-02T20:02:40Z
1BctCr79jtiGqk5HhEayotex6wE4jLmGQJ,RBIP0NEFTSC,BBNK0000001,2024-04-23T07:46:21Z
1B3a69RtG55oTAzEEcTi15oKXLMvgH4fxj,RBIP0NEFTSC,ABNK0000001,2024-10-14T15:15:51Z
1MkxKx8pD9SRDgozSgR7MBaWusE7FQpywt,RBIP0NEFTSC,CBNK0000001,2024-12-10T23:50:29Z
1EUYGhYnGh9XSMVRukh9N4CzJgEaTijD3G,RBIP0NEFTSC,ABNK0000001,2024-06-16T12:58:51Z
1EAX25uhSUaRrTKiaXZPJQNQsaAZXLNBDA,RBIP0NEFTSC,CBNK0000001,2024-05-08T16:02:16Z
1JU7if4fWLSR711Yvhg8tPi9nE4r9hZA9A,RBIP0NEFTSC,BBNK0000001,2024-10-17T07:30:42Z
15MxZhN17ccWUpoiiHQe59GjhA6wwLiyfm,RBIP0NEFTSC,DBNK0000001,2024-10-31T01:14:45Z
1PwiGt91W8B2gjK9CpSeTmBLR1C7kMXnhz,RBIP0NEFTSC,DBNK0000001,2024-09-17T08:30:03Z
14TNeRBybqji1j3efkuKEXYmEnRGiJfQRE,RBIP0NEFTSC,CBNK0000001,2025-03-01T08:35:39Z
